timestamp,batt_voltage_v,gps_speed_mps,lat,lon,imu_ax,imu_ay,imu_az
2025-01-01 12:00:00+00:00,16.835281046919356,9.22478532745826,43.6532,-79.38308546827787,-0.04481848612760901,0.04089888036274029,9.817608848779415
2025-01-01 12:00:01+00:00,16.803996466371018,10.24621808913304,43.6532,-79.38295825480228,-0.0981366004570376,-0.01394571375516199,9.791293683986785
2025-01-01 12:00:02+00:00,16.81156140408946,9.602909560435435,43.6532,-79.38283902842134,0.0792410263674509,0.07157838787246455,9.80932742653213
2025-01-01 12:00:03+00:00,16.832797830595048,10.2316334189889,43.6532,-79.38271199602393,0.03239838955049442,0.07311070853902098,9.850773598462004
2025-01-01 12:00:04+00:00,16.82132444861769,9.44701783106684,43.6532,-79.38259470514042,-0.05695040965584827,-0.021435103279291445,9.830530089566002
2025-01-01 12:00:05+00:00,16.760421053420835,9.892293852472182,43.6532,-79.38247188586489,-0.060720069147962956,-0.03189202782367922,9.834048492501731
2025-01-01 12:00:06+00:00,16.79496170157255,10.169283897313072,43.6532,-79.38234562757744,0.04354808910858098,-0.08320864925830868,9.778228478069037
2025-01-01 12:00:07+00:00,16.768926111259756,9.431243826393294,43.6532,-79.38222853253848,-0.043898530826793514,-0.006328466581969493,9.852641488413719
2025-01-01 12:00:08+00:00,16.765882200593513,10.35606876751696,43.6532,-79.3820999551951,0.06480749337639417,-0.01817188900580257,9.843478117025455
2025-01-01 12:00:09+00:00,16.772151869871823,10.14563497521572,43.6532,-79.38197399052443,0.030822965631307764,0.03895256100664958,9.860220959613082
2025-01-01 12:00:10+00:00,16.762814093459948,9.500534388870143,43.6532,-79.38185603519797,0.026829826028341178,-0.07548308030341494,9.773681708390695
2025-01-01 12:00:11+00:00,16.785012014379664,9.756361757372254,43.6532,-79.381734903608,0.02023477278071502,-0.013869569587155493,9.801377070165927
2025-01-01 12:00:12+00:00,16.767140620947014,10.74655799493895,43.6532,-79.38160147808638,0.00957254360119559,0.04843721965555727,9.84167669512302
2025-01-01 12:00:13+00:00,16.750346688977604,10.927512352658564,43.6532,-79.38146580589846,0.04402555995885553,-0.036517854777898,9.779559244129144
2025-01-01 12:00:14+00:00,16.75278377550633,10.449215626772826,43.6532,-79.38133607207614,-0.022704018125780257,-0.038118076836380466,9.798693876511802
2025-01-01 12:00:15+00:00,16.746573319602575,10.7526633991682,43.6532,-79.38120257075194,0.004297598671719235,-0.07234701673779043,9.906290286872977
2025-01-01 12:00:16+00:00,16.765774736721916,10.696971763469415,43.6532,-79.38106976087569,0.03759732938385979,0.13102869230091196,9.907588050613391
2025-01-01 12:00:17+00:00,16.72778331218712,10.784262102566844,43.6532,-79.380935867233,0.02814948592930639,-0.03737365890326897,9.871997027491368
2025-01-01 12:00:18+00:00,16.73414115369913,11.296454814644326,43.6532,-79.38079561438396,-0.059749340263433016,-0.06501734161091696,9.856929256812489
2025-01-01 12:00:19+00:00,16.70679120708375,9.933566053962952,43.6532,-79.38067228268716,-0.0250204833652132,-0.040192520201576,9.759037442524743
2025-01-01 12:00:20+00:00,16.668806647756774,11.058467232975921,43.6532,-79.38053498460906,0.012640175270957727,-0.03871475402434023,9.835628111571307
2025-01-01 12:00:21+00:00,16.72893213818594,10.561952374038087,43.6532,-79.38040385108653,-0.020400735451994848,-0.013469488922562015,9.792044170246706
2025-01-01 12:00:22+00:00,16.729141812457993,10.673075223784066,43.6532,-79.3802713379014,0.08873292804866667,0.04126861160437574,9.757071405119731
2025-01-01 12:00:23+00:00,16.693003110276347,10.665835297622223,43.6532,-79.38013891460467,-0.019657659737705644,-0.014916158449791687,9.784549708070434
2025-01-01 12:00:24+00:00,16.7492348253679,10.66062979686362,43.6532,-79.38000655593763,-0.008110922378834543,-0.046141165749841395,9.815783253702318
2025-01-01 12:00:25+00:00,16.670745741599845,10.26581658082742,43.6532,-79.37987909913399,0.03847150890886519,-0.07256692490955126,9.782632221285068
2025-01-01 12:00:26+00:00,16.696741547641523,11.000744469340768,43.6532,-79.37974251772161,0.01652663716174579,0.0010928679109935685,9.782460028714658
2025-01-01 12:00:27+00:00,16.68807602249865,11.774136538444342,43.6532,-79.37959633414265,-0.007263722860238461,0.002126953701489536,9.84960207492115
2025-01-01 12:00:28+00:00,16.718468605990005,10.939600068832213,43.6532,-79.37946051187785,-0.03782467644403742,0.07654661755144124,9.817205324256163
2025-01-01 12:00:29+00:00,16.713193519304518,10.995368833770398,43.6532,-79.3793239972075,0.015075702869838309,0.00462238677349043,9.821672903983117
2025-01-01 12:00:30+00:00,16.682898614624122,10.680182026607064,43.6532,-79.37919139578679,0.051954822018919634,-0.004950415564203869,9.815593619844815
2025-01-01 12:00:31+00:00,16.6833562387059,10.992222462531593,43.6532,-79.37905492018068,0.02395476120491143,-0.05253269182937448,9.776214842831418
2025-01-01 12:00:32+00:00,16.654030595564926,11.31051212893193,43.6532,-79.37891449280093,-0.03890917607280611,-0.015297628754919596,9.741471404101967
2025-01-01 12:00:33+00:00,16.628163703356723,10.918101267703493,43.6532,-79.37877893745777,0.08683874784883555,-0.021923722901730305,9.825528235521025
2025-01-01 12:00:34+00:00,16.656814711938353,10.9014222576283,43.6532,-79.37864358919539,-0.07232889450179472,-0.01850820822568513,9.784648168393728
2025-01-01 12:00:35+00:00,16.66289325651063,11.354350816069777,43.6532,-79.37850261752975,-0.07913428209013945,-0.04796276963202942,9.709460886570707
2025-01-01 12:00:36+00:00,16.680365412946774,10.717387610080962,43.6532,-79.37836955417747,0.04802786122286142,0.026916480163808845,9.790371637101742
2025-01-01 12:00:37+00:00,16.675800518511583,11.325572095380718,43.6532,-79.37822893981841,0.011292023930134506,-0.0071222708754684685,9.75538910293297
2025-01-01 12:00:38+00:00,16.639999707391407,11.631666424410561,43.6532,-79.37808452509876,-0.027474927315202013,-0.01001767400024937,9.844932511715388
2025-01-01 12:00:39+00:00,16.637693510931733,11.922895588452098,43.6532,-79.37793649457923,-0.054928536377766485,-0.08570230580244982,9.836081261362018
2025-01-01 12:00:40+00:00,16.61876182884557,11.218366724805193,43.6532,-79.37779721124473,0.11603999196401492,0.024682204376243196,9.834844657241923
2025-01-01 12:00:41+00:00,16.60732585160701,11.967200437996363,43.6532,-79.3776486306516,0.005854543607772098,0.024350766299018972,9.776747919092067
2025-01-01 12:00:42+00:00,16.597594128741758,11.819646086449945,43.6532,-79.37750188204194,0.026710058542288573,-0.04195647014211069,9.846577579093108
2025-01-01 12:00:43+00:00,16.666728362662568,10.822557444887732,43.6532,-79.37736751293761,0.01589425486190908,0.04950606919395969,9.825982489156704
2025-01-01 12:00:44+00:00,16.61351313332657,10.729089001288235,43.6532,-79.37723430430492,0.021740397886557898,-0.06823791150412162,9.78950727307801
2025-01-01 12:00:45+00:00,16.61093801313305,11.202131892999782,43.6532,-79.37709522253643,0.027004723026240296,-0.0010934954394539937,9.787333128393074
2025-01-01 12:00:46+00:00,16.590636914167952,11.884787494703527,43.6532,-79.37694766515372,0.03662120048774381,-0.013560366994508195,9.854635407643686
2025-01-01 12:00:47+00:00,16.62723595068926,11.349023014181114,43.6532,-79.37680675963622,-0.018761120038033638,-0.06585873944028972,9.786319797151817
2025-01-01 12:00:48+00:00,16.575401508825134,11.098815932010421,43.6532,-79.37666896060273,-0.01458209931759223,0.009485130603999789,9.825182823676315
2025-01-01 12:00:49+00:00,16.599417982375687,12.188367151958289,43.6532,-79.37651763408071,-0.08705114041794508,0.08512850761208957,9.86169784934064
2025-01-01 12:00:50+00:00,16.581756778959768,11.567913100282412,43.6532,-79.37637401090014,-0.039015220325076976,0.0033817115033459885,9.905467131277856
2025-01-01 12:00:51+00:00,16.603397482344498,10.275485796313163,43.6532,-79.37624643404688,0.013555639822335744,-0.023151087705452548,9.893193656221888
2025-01-01 12:00:52+00:00,16.581436651839606,11.604785009289287,43.6532,-79.37610235307751,0.05225116877513453,0.022351207844283915,9.855041138210453
2025-01-01 12:00:53+00:00,16.56403343311221,11.7157399143433,43.6532,-79.37595689453069,0.029951976318809206,0.005285999773357747,9.734704432421431
2025-01-01 12:00:54+00:00,16.583075754431558,11.577126027808934,43.6532,-79.3758131569656,-0.017034617193896522,0.0013881065812750744,9.775547578529102
2025-01-01 12:00:55+00:00,16.588199358612613,11.696861632812993,43.6532,-79.37566793280496,-0.06315864560425771,-0.021277110638572405,9.782595640626374
2025-01-01 12:00:56+00:00,16.57695638785334,11.445128630744492,43.6532,-79.3755258340736,-0.13886795727137166,0.07109877796462324,9.892657491628267
2025-01-01 12:00:57+00:00,16.577668803564148,10.825402083846297,43.6532,-79.37539142965122,0.05758669873903996,0.02281816817403927,9.775034102951397
2025-01-01 12:00:58+00:00,16.554926245939402,11.304150673492572,43.6532,-79.37525108125307,-0.02946144932550749,-0.026433532946774432,9.829308318854919
2025-01-01 12:00:59+00:00,16.55635118669695,11.020663432491158,43.6532,-79.37511425253379,-0.022423250310202966,-0.005400191839047897,9.815043353162865
2025-01-01 12:01:00+00:00,16.54615012326485,11.03013304020282,43.6532,-79.37497730624315,0.0065786983954034366,-0.037043335210203636,9.763243639528124
2025-01-01 12:01:01+00:00,16.54840159119323,10.867063095206966,43.6532,-79.37484238457218,-0.0702780023695945,-0.030414557504074752,9.82909120048097
2025-01-01 12:01:02+00:00,16.535323050986825,11.725995886150216,43.6532,-79.37469679869078,-0.017489109005576844,-0.032036286209509955,9.829914804309874
2025-01-01 12:01:03+00:00,16.513053646784755,11.548913054856873,43.6532,-79.37455341140814,0.1011735974884987,-0.05671557968611138,9.747211255912925
2025-01-01 12:01:04+00:00,16.547121143880137,11.2751553814126,43.6532,-79.37441342300545,0.025269346928867138,0.038863848188397776,9.871143872352672
2025-01-01 12:01:05+00:00,16.531530324514566,11.172902073591393,43.6532,-79.37427470414421,0.01796245782567282,-0.01455207316365129,9.705674498557242
2025-01-01 12:01:06+00:00,16.502955298503085,11.483253399068591,43.6532,-79.37413213206901,-0.07912472389908792,0.027706378916338488,9.780462142354502
2025-01-01 12:01:07+00:00,16.540808232756593,12.031018803338604,43.6532,-79.37398275912929,0.11218009472913203,-0.03350629488636483,9.858598514693279
2025-01-01 12:01:08+00:00,16.509399942562084,10.484834864796143,43.6532,-79.37385258307091,-0.07113974543131714,-0.0030181247196169325,9.750337108326299
2025-01-01 12:01:09+00:00,16.524578139969346,11.669969870199722,43.6532,-79.37370769278901,0.09611623777221993,-0.03555202983955556,9.827513295978102
2025-01-01 12:01:10+00:00,16.53411436550065,11.202335507029053,43.6532,-79.37356860849252,-0.10575280075939038,0.035983408526866587,9.74518198058623
2025-01-01 12:01:11+00:00,16.518105534675914,10.525633428453123,43.6532,-79.37343792589338,0.07026827193622102,-0.012420965335251912,9.805348792777789
2025-01-01 12:01:12+00:00,16.53430721235531,10.486889194557007,43.6532,-79.37330772432915,0.08090271345001128,-0.03654367929756929,9.69431134434139
2025-01-01 12:01:13+00:00,16.482816004461043,10.994248035395824,43.6532,-79.37317122357425,-0.041220456066391735,-0.08208516144048922,9.76787141491435
2025-01-01 12:01:14+00:00,16.511552675895338,11.550383974618459,43.6532,-79.37302781802919,0.02112901861364414,0.01378332746703872,9.732853927642285
2025-01-01 12:01:15+00:00,16.485802963456653,11.626246723100122,43.6532,-79.37288347059865,0.027374028605233254,-0.03541925261690536,9.789911812893676
2025-01-01 12:01:16+00:00,16.478076544495494,10.948414017938587,43.6532,-79.37274753890294,-0.0406897241615653,-0.0007889608560497588,9.789238430208918
2025-01-01 12:01:17+00:00,16.479908816387518,11.9137157427429,43.6532,-79.37259962235719,-0.07245588053684653,-0.024586505400676383,9.776316791434544
2025-01-01 12:01:18+00:00,16.48124808124393,12.103116295975344,43.6532,-79.3724493542801,-0.06588586715703827,0.04770947904493825,9.849895659828338
2025-01-01 12:01:19+00:00,16.484595760934745,11.575214514654856,43.6532,-79.3723056404477,0.02705041099799038,0.0272072376179004,9.765656019806428
2025-01-01 12:01:20+00:00,16.45616277947816,11.066152999551457,43.6532,-79.3721682469458,-0.004255780125970287,0.022360604372741576,9.841719333659453
2025-01-01 12:01:21+00:00,16.493475628236578,11.90789307835295,43.6532,-79.37202040269221,-0.028215051665108022,-0.030806056166173962,9.891463788497944
2025-01-01 12:01:22+00:00,16.480765669495778,11.70636666795837,43.6532,-79.37187506052035,0.04833840055832301,0.023314502177509477,9.816953207515235
2025-01-01 12:01:23+00:00,16.4367208691793,11.744524710364487,43.6532,-79.37172924459152,0.02540339546957389,0.08574158043380214,9.767116489771231
2025-01-01 12:01:24+00:00,16.493204108984425,10.963919393868885,43.6532,-79.37159312038646,-0.03777313631828167,-0.0416093017075031,9.747533074256923
2025-01-01 12:01:25+00:00,16.4973501708328,9.855393954481567,43.6532,-79.37147075924723,-0.060060075950869464,0.00861695696145944,9.774510744994025
2025-01-01 12:01:26+00:00,16.479001300939053,12.310788657783538,43.6532,-79.37131791278243,0.026163086934403848,-0.08246084872085661,9.845232136037495
2025-01-01 12:01:27+00:00,16.447820535003284,10.425890564872889,43.6532,-79.37118846855594,-0.026879168427903097,0.06992810460627678,9.817779536748445
2025-01-01 12:01:28+00:00,16.425997301492995,11.191610237771814,43.6532,-79.37104951742066,0.0049602431265751215,-0.019895604929542073,9.8568397608127
2025-01-01 12:01:29+00:00,16.4644947106655,12.377273036035895,43.6532,-79.37089584550897,0.07881494863138588,0.03912894404209888,9.848516543966362
2025-01-01 12:01:30+00:00,16.43133545939109,11.328850572551328,43.6532,-79.37075519044548,0.025116412003738983,-0.08616141253581616,9.817040532593913
2025-01-01 12:01:31+00:00,16.459841221941872,11.614117646777393,43.6532,-79.37061099360534,-0.043113349987661836,0.08987696935629524,9.833674413083324
2025-01-01 12:01:32+00:00,16.435551142299435,10.36351381433099,43.6532,-79.37048232382688,0.00803305949098864,-0.017843576401279922,9.902762310471024
2025-01-01 12:01:33+00:00,16.446911745671244,10.200397324009439,43.6532,-79.37035567924595,-0.04763224764076939,0.027282866173501376,9.880782811308734
2025-01-01 12:01:34+00:00,16.43049961508873,10.796715099266905,43.6532,-79.37022163099118,0.0804261077974362,0.00754091031662969,9.794862699154788
2025-01-01 12:01:35+00:00,16.433497072712754,11.581610454359755,43.6532,-79.37007783774902,-0.028078937480161045,-0.012773539309388472,9.859483972096795
2025-01-01 12:01:36+00:00,16.415568931967005,10.835630177686223,43.6532,-79.36994330633819,0.010363537348680932,0.08428961513296518,9.839292540290897
2025-01-01 12:01:37+00:00,16.447069663634377,10.583323509745929,43.6532,-79.36981190747909,0.0153866287339716,-0.082402310318309,9.866819403876988
2025-01-01 12:01:38+00:00,16.409883817814006,11.050897166994632,43.6532,-79.36967470338828,0.007962523418685122,0.014935682999600448,9.843580828601796
2025-01-01 12:01:39+00:00,16.411378685432503,11.463556080121453,43.6532,-79.36953237586813,-0.09792744775682694,0.04553228361149852,9.76129162824785
2025-01-01 12:01:40+00:00,16.436995234308405,10.170214805769938,43.6532,-79.36940610602284,-0.07232105319916643,-0.0014928060818183134,9.729015771731365
2025-01-01 12:01:41+00:00,16.368370361348102,10.256950079435637,43.6532,-79.36927875930259,-0.022617513778454584,-0.0059085392183295905,9.838631350860254
2025-01-01 12:01:42+00:00,16.36590916480491,10.436882959406734,43.6532,-79.36914917859836,0.015971591666576534,-0.007134385603673252,9.905130909918492
2025-01-01 12:01:43+00:00,16.40670012114146,11.347011564386133,43.6532,-79.36900829805433,-0.006888960714288534,-0.0613818210205204,9.771216794603003
2025-01-01 12:01:44+00:00,16.359843041079685,10.88507647864273,43.6532,-79.36887315273543,-0.04785737365755084,0.0019063692047467326,9.800595513097518
2025-01-01 12:01:45+00:00,16.418171255098628,11.801234390364717,43.6532,-79.36872663271897,-0.06742121595608505,0.02563587617361994,9.75821261369024
2025-01-01 12:01:46+00:00,16.36701977397412,11.170411532527645,43.6532,-79.36858794477943,-0.02007787722496718,0.0034299613740330264,9.868891475235284
2025-01-01 12:01:47+00:00,16.356336379564173,10.65123175424314,43.6532,-79.36845570279522,-0.023423802233986157,-0.013613805057254031,9.694741657247825
2025-01-01 12:01:48+00:00,16.40573763852627,11.267489572833236,43.6532,-79.36831580956853,0.025641822879637833,-0.02448625111865134,9.69681698494821
2025-01-01 12:01:49+00:00,16.392882416029025,10.706472321785695,43.6532,-79.36818288173666,-0.016315923107915905,-0.013964833463918608,9.828750995991008
2025-01-01 12:01:50+00:00,16.396616621612537,10.213659613453922,43.6532,-79.36805607249576,0.03013538282146648,0.06288721087480191,9.805882817660432
2025-01-01 12:01:51+00:00,16.37337965777319,10.871149197116013,43.6532,-79.36792110009316,-0.02973248848602027,-0.10433174897102714,9.786018849246311
2025-01-01 12:01:52+00:00,16.33402757311026,10.14770686528552,43.6532,-79.36779510969862,-0.012797883460713417,0.002003572827388773,9.79494526067383
2025-01-01 12:01:53+00:00,16.38544670807701,10.31506912076461,43.6532,-79.3676670413926,-0.01740231898213097,-0.01638774586482084,9.836849395722819
2025-01-01 12:01:54+00:00,16.33787866379967,11.088267884590648,43.6532,-79.36752937331997,-0.03911834834510449,0.07279039759184218,9.789309800547517
2025-01-01 12:01:55+00:00,16.3552811813383,10.33757855118622,43.6532,-79.3674010255447,0.03125593282168651,0.0027746112721901387,9.755153751413344
2025-01-01 12:01:56+00:00,16.35417041498152,9.950247923153439,43.6532,-79.36727748673161,-0.040679799854725356,0.0742462799349977,9.763631853596353
2025-01-01 12:01:57+00:00,16.3281184959679,10.083028483737262,43.6532,-79.36715229936132,-0.02608207549853095,-0.10619450090227796,9.854416943099842
2025-01-01 12:01:58+00:00,16.33949360744031,10.789273688571582,43.6532,-79.36701834349653,-0.0036559822974098623,0.02297924524170281,9.783762902251889
2025-01-01 12:01:59+00:00,16.341649475668394,9.965114566607921,43.6532,-79.36689462010438,-0.064868982797837,0.014002893001884007,9.74073612081164
2025-01-01 12:02:00+00:00,17.12672717506385,10.010804625630218,43.6532,-79.36677032944036,-0.016246747916024956,0.0695266983536969,9.8151089163472
2025-01-01 12:02:01+00:00,16.293203970832725,9.911820755073913,43.6532,-79.36664726772561,-0.03556531798713943,-0.08206743044115146,9.835249736089
2025-01-01 12:02:02+00:00,16.317150072332204,10.221552250194675,43.6532,-79.36652036049249,-0.01940770962411248,-0.00775179040591629,9.876448037377662
2025-01-01 12:02:03+00:00,16.333706348985494,9.899385741123096,43.6532,-79.36639745316654,-0.0029964001335545313,0.0033030130893246298,9.820895169356083
2025-01-01 12:02:04+00:00,16.2892805960608,9.253695944072044,43.6532,-79.36628256250025,-0.03999568115703324,-0.024789774727260468,9.777014437639517
2025-01-01 12:02:05+00:00,16.296172584652545,9.573472598878332,43.6532,-79.36616370159838,-0.01100378899101778,0.06082888568714702,9.833700393363852
2025-01-01 12:02:06+00:00,16.28645552662834,9.513106950793565,43.6532,-79.36604559017537,0.06543343761760896,-0.01693410927226988,9.846358743501023
2025-01-01 12:02:07+00:00,16.32813719443603,10.563612419241124,43.6532,-79.36591443604232,-0.0012899279127243557,0.10173812720105768,9.80805473466681
2025-01-01 12:02:08+00:00,16.300591137210365,10.310777402413095,43.6532,-79.36578642102076,0.057263108650961236,0.05270889544694614,9.807770030363722
2025-01-01 12:02:09+00:00,16.291287800998614,10.160617646615098,43.6532,-79.36566027033045,0.017324722100338037,0.04754168485018998,9.823006645246938
2025-01-01 12:02:10+00:00,16.263733564988556,9.576939779810541,43.6532,-79.36554136638128,0.03870803049094082,0.027964949069544217,9.80650717508719
2025-01-01 12:02:11+00:00,16.28591019250697,9.384460987403445,43.6532,-79.36542485218175,-0.038722948438541294,-0.0531847795512774,9.822505695344157
2025-01-01 12:02:12+00:00,16.257631877671663,9.501465981425078,43.6532,-79.36530688528897,0.0052453582542756364,-0.021554816875537855,9.758904333778654
2025-01-01 12:02:13+00:00,16.267748464253966,9.1923062425473,43.6532,-79.36519275681584,0.006695646130773796,0.028637568342860794,9.752478111509076
2025-01-01 12:02:14+00:00,16.250388253724577,10.930044676477129,43.6532,-79.36505705318747,-0.030631286943746783,0.03387785167938586,9.768194431024963
2025-01-01 12:02:15+00:00,16.27262716339476,8.522181595439307,43.6532,-79.3649512447486,-0.041141416214714094,0.06535919225406288,9.842110547166472
2025-01-01 12:02:16+00:00,16.2666236360318,9.89046732971828,43.6532,-79.36482844815055,-0.07451326939536491,-0.023372050481295318,9.82293987836703
2025-01-01 12:02:17+00:00,16.246919166791614,8.93005307124297,43.6532,-79.36471757572146,0.0748069818475816,-0.043007669246233164,9.862011948212478
2025-01-01 12:02:18+00:00,16.25499859836008,9.484291805985816,43.6532,-79.36459982205726,-0.04862014446762489,0.042955209639276536,9.80066545389427
2025-01-01 12:02:19+00:00,16.221210556135908,9.006887575191179,43.6532,-79.36448799567773,0.067311053661115,-0.04048132880200564,9.752817930207907
2025-01-01 12:02:20+00:00,16.209239956660078,8.876812030625405,43.6532,-79.36437778427087,-0.023374658682892676,0.043665591803520615,9.867227676764228
2025-01-01 12:02:21+00:00,16.243846264743155,8.860601408814436,43.6532,-79.36426777412944,-0.043124664986236697,0.05998680882075189,9.809061647223006
2025-01-01 12:02:22+00:00,16.234385222828987,10.273622666702297,43.6532,-79.36414022040816,0.031125957015249884,0.02280765179135277,9.874172751813326
2025-01-01 12:02:23+00:00,16.23974570386305,9.29544406965927,43.6532,-79.36402481141168,-0.03155959708734286,-0.017878951598429896,9.839897324569609
2025-01-01 12:02:24+00:00,16.27070129282616,8.945295974849351,43.6532,-79.36391374973202,0.02842294594621385,0.0020541113071939785,9.919430933941142
2025-01-01 12:02:25+00:00,16.237921309272362,9.572670634668569,43.6532,-79.36379489878706,-0.01664058824261048,0.029673295980161957,9.799011350714332
2025-01-01 12:02:26+00:00,16.196768597227344,9.267024104514435,43.6532,-79.36367984264298,0.02402122480588934,0.0005092759356036732,9.85503619525446
2025-01-01 12:02:27+00:00,16.233358689701817,9.589401483079802,43.6532,-79.36356078397363,-0.04840930319535525,0.10991481693352463,9.854568205317648
2025-01-01 12:02:28+00:00,16.180693537933344,8.285274650459378,43.6532,-79.36345791688888,0.041567552899238414,-0.04953354653135746,9.782243682725278
2025-01-01 12:02:29+00:00,16.193773316250955,9.317726578783168,43.6532,-79.36334223124054,0.02439863413315023,-0.05013342936848955,9.801375884144653
2025-01-01 12:02:30+00:00,16.197633498444425,9.521316705014398,43.6532,-79.36322401788807,-0.04598253450313309,-0.048844769336766264,9.736913082889163
2025-01-01 12:02:31+00:00,16.22925850718758,8.273757223329177,43.6532,-79.3631212937997,0.1321467860507371,-0.029478996127260782,9.732560193149867
2025-01-01 12:02:32+00:00,16.176089878517296,9.298802586629456,43.6532,-79.36300584310504,0.027006151320024704,-0.10894657600974547,9.81632844007654
2025-01-01 12:02:33+00:00,16.170449526388754,9.893524517979678,43.6532,-79.36288300855,0.11452335352652694,-0.03148252134700907,9.849650353534871
2025-01-01 12:02:34+00:00,16.1810025688771,9.009332233335826,43.6532,-79.36277115181845,0.08001339093743796,-0.032664235096394455,9.841901201674773
2025-01-01 12:02:35+00:00,16.16569537584204,9.399407952621806,43.6532,-79.36265445204262,-0.00944173901088919,0.003925701258708814,9.827001229912984
2025-01-01 12:02:36+00:00,16.197490982215083,9.296568246750068,43.6532,-79.36253902908875,-0.020613587730227145,0.020890029160304073,9.853150857657555
2025-01-01 12:02:37+00:00,16.14935295580936,8.580759543813729,43.6532,-79.36243249336647,-0.02017295917104006,-0.06201081682038852,9.780515110215035
2025-01-01 12:02:38+00:00,16.14399553513208,8.92829325100363,43.6532,-79.3623216427867,-0.09150142752139051,0.045002712138203615,9.796373362575613
2025-01-01 12:02:39+00:00,16.154181829489087,8.099494507317063,43.6532,-79.36222108228351,-0.03479175596747737,0.09011211148952736,9.846876075670695
2025-01-01 12:02:40+00:00,16.1489709035738,8.632622749647261,43.6532,-79.36211390264572,0.012338301198998529,-0.010414255154749818,9.831655936472448
2025-01-01 12:02:41+00:00,16.19351551586766,8.96711658685611,43.6532,-79.36200257004893,0.07629787804424043,0.07871856187377858,9.799490559310163
2025-01-01 12:02:42+00:00,16.16990661313351,9.172552153525423,43.6532,-79.3618886868357,-0.038638594148910105,0.009949474720259387,9.876039719306396
2025-01-01 12:02:43+00:00,16.14866254402637,8.800782844695544,43.6532,-79.36177941938072,0.044102829968150535,0.09943659592976956,9.745399937447644
2025-01-01 12:02:44+00:00,16.118396131025733,9.126703215199418,43.6532,-79.36166610541194,-0.06262966707516596,0.05586417328440951,9.784066065635571
2025-01-01 12:02:45+00:00,16.15578542313404,8.194266152487579,43.6532,-79.361564368257,-0.02931600126055662,-0.07819523174198832,9.795830111277187
2025-01-01 12:02:46+00:00,16.114887178861892,8.674665034518611,43.6532,-79.36145666663685,-0.0228820297144763,0.0009313685330677729,9.850826743988689
2025-01-01 12:02:47+00:00,16.099989386077805,8.715746950907029,43.6532,-79.36134845495793,0.018590554074874675,0.05271624874520389,9.810119259895762
2025-01-01 12:02:48+00:00,16.150638726064077,9.61230781177202,43.6532,-79.36122911189159,0.022865482336040563,0.0015273290520308445,9.74692541266047
2025-01-01 12:02:49+00:00,16.1292103046592,8.562656793187472,43.6532,-79.36112280092675,0.04811708724071726,-0.0018441765422533474,9.835700208990804
2025-01-01 12:02:50+00:00,16.13728195109999,8.403293882296834,43.6532,-79.36101846855631,0.038541848020246836,0.0634882375157152,9.864377315773345
2025-01-01 12:02:51+00:00,16.12123264988691,8.647384661393906,43.6532,-79.36091110563977,0.012158410770124587,-0.0354927091073052,9.846965226656652
2025-01-01 12:02:52+00:00,16.127988031269776,8.161914034691097,43.6532,-79.36080977015746,0.01951824717543112,0.0008757806639109169,9.840957746080274
2025-01-01 12:02:53+00:00,16.09382422936939,8.703473804047695,43.6532,-79.36070171085765,0.07942653455487664,0.016181288230455934,9.716284325162947
2025-01-01 12:02:54+00:00,16.082153206603376,8.411068821589152,43.6532,-79.36059728195629,-0.025546309061613155,-0.016689548017678208,9.765005676162826
2025-01-01 12:02:55+00:00,16.112463276008373,7.685314099682098,43.6532,-79.3605018637728,0.03873641595335811,-0.0010064551938768738,9.834104030433611
2025-01-01 12:02:56+00:00,16.078756514562933,8.539955848008011,43.6532,-79.360395834655,-0.09040719632491258,0.03875116316120852,9.807255590762281
2025-01-01 12:02:57+00:00,16.077027034495078,8.39964598709454,43.6532,-79.36029154757556,0.02056671214488043,0.0216418810749997,9.83612788009994
2025-01-01 12:02:58+00:00,16.07770070218341,7.7322782461336494,43.6532,-79.36019554630158,-0.024162477123955372,-0.04043587659897668,9.746682866151852
2025-01-01 12:02:59+00:00,16.08315425763793,8.505905360773816,43.6532,-79.36008993994277,0.00012855912157550125,-0.05520619928996309,9.806925261785755
2025-01-01 12:03:00+00:00,16.07171811843603,9.27604879228707,43.6532,-79.35997477175131,0.05200431225268516,-0.039455109012832515,9.74051094905519
2025-01-01 12:03:01+00:00,16.047292292996417,8.784841970983711,43.6532,-79.35986570221267,0.008232190476319881,6.242278942433027e-05,9.71231607186903
2025-01-01 12:03:02+00:00,16.05791227301179,8.823898393943239,43.6532,-79.3597561477631,0.044259377060446366,-0.00799698938785214,9.824788954425346
2025-01-01 12:03:03+00:00,16.022309900227633,7.841860473075306,43.6532,-79.35965878595435,0.07368824075692025,-0.04159787466085624,9.85212943982285
2025-01-01 12:03:04+00:00,16.075275914496338,8.746664735849563,43.6532,-79.35955019041099,0.01945469844328603,-0.02990752262582429,9.82228082139509
2025-01-01 12:03:05+00:00,16.026723454567332,8.578982489667018,43.6532,-79.35944367675198,0.058552053231024415,-0.07600196425960319,9.808350175986767
2025-01-01 12:03:06+00:00,16.03267026309457,8.76676006606598,43.6532,-79.35933483171199,-0.016328048883960385,0.0208926851608663,9.731899282908538
2025-01-01 12:03:07+00:00,16.051794553672032,8.71197068634686,43.6532,-79.35922666691785,-0.00041049411348070223,-0.002000936267581646,9.860305353354878
2025-01-01 12:03:08+00:00,16.03195331436266,7.820125113426091,43.6532,-79.35912957496777,-0.0261309708199239,-0.06298936717026352,9.807797755131203
2025-01-01 12:03:09+00:00,16.07359818840229,8.479614745056058,43.6532,-79.35902429502408,0.0521488797323188,0.001431025209389141,9.907978100260289
2025-01-01 12:03:10+00:00,16.012874080503362,8.122619781338267,43.6532,-79.35892344740554,0.020704567689679754,0.06713110052551767,9.85711571541385
2025-01-01 12:03:11+00:00,16.040065558288486,8.478692833595764,43.6532,-79.35881817890798,-0.02536172309474613,-0.036996792648262986,9.709743728667393
2025-01-01 12:03:12+00:00,16.029932206740625,8.058152328171937,43.6532,-79.35871813169489,0.00773344168231661,0.06575688328604862,9.847752484012794
2025-01-01 12:03:13+00:00,16.003349315354026,9.167142172671323,43.6532,-79.3586043156501,0.05207841944092909,-0.01617287362417119,9.740173238121344
2025-01-01 12:03:14+00:00,16.033170040723157,8.08640873674194,43.6532,-79.35850391761527,-0.0019633995518976593,0.009891408392493391,9.772025225478547
2025-01-01 12:03:15+00:00,16.01526690309175,8.072342411262152,43.6532,-79.35840369422306,-0.04744664054248818,0.004887540121109264,9.797462166161994
2025-01-01 12:03:16+00:00,16.030126962944138,8.56595215669867,43.6532,-79.35829734234413,0.0065955877893706105,0.07007617080026228,9.80529687748187
2025-01-01 12:03:17+00:00,16.027154557202813,7.997877495570278,43.6532,-79.35819804348236,-0.099028279553447,0.007921692339276585,9.829878260780873
2025-01-01 12:03:18+00:00,16.04994251531283,8.332781197797118,43.6532,-79.35809458657288,0.03843853221997375,-0.05709507096019233,9.75885724795979
2025-01-01 12:03:19+00:00,16.029401677519612,8.13972866438886,43.6532,-79.35799352653639,-0.021066379366234025,-0.06554851852206062,9.752465399787168
2025-01-01 12:03:20+00:00,15.991280803975709,9.270801386096963,43.6532,-79.3578784234949,-0.02346553681395534,-0.0766460526715064,9.840030260086655
2025-01-01 12:03:21+00:00,15.989870179386713,8.969521348572952,43.6532,-79.35776706104143,0.043784783938975336,-0.08559850820471107,9.8093374866033
2025-01-01 12:03:22+00:00,16.012644277059646,8.560181295945817,43.6532,-79.3576607808115,-0.06825814386125843,0.0023067529477842465,9.818718652435077
2025-01-01 12:03:23+00:00,15.999749681960028,8.406488977461889,43.6532,-79.35755640877188,0.0973549321410179,-0.04791872401132807,9.700315832415267
2025-01-01 12:03:24+00:00,15.995440360071202,9.086614322052629,43.6532,-79.35744359253283,-0.024012102086911166,-0.004040580647187048,9.801143130834234
2025-01-01 12:03:25+00:00,15.946291930866705,8.833683313831239,43.6532,-79.3573339165971,-0.026162547169244755,-0.03519295179952233,9.765463540846925
2025-01-01 12:03:26+00:00,15.974137851468615,8.89589162332104,43.6532,-79.35722346830465,0.051061237158358155,-0.03853921503532826,9.763968681349157
2025-01-01 12:03:27+00:00,15.955857077976153,8.650401940481535,43.6532,-79.35711606792663,0.03543476365552133,-0.024042267043636458,9.85609674021123
2025-01-01 12:03:28+00:00,15.972209510344804,7.836853744714256,43.6532,-79.35701876827969,0.12256148595375381,0.03517927773216942,9.755216438551376
2025-01-01 12:03:29+00:00,15.960641332774754,8.643033572935632,43.6532,-79.35691145938473,-0.010560299181576,0.04645725738843456,9.7553551696837
2025-01-01 12:03:30+00:00,15.976801240933138,8.45213504265059,43.6532,-79.35680652061947,-0.006020331933220487,0.01855862763245196,9.793449469829913
2025-01-01 12:03:31+00:00,15.960935349278785,9.060824724257184,43.6532,-79.35669402457508,-0.07396579899816268,-0.04949112747735596,9.832514441532368
2025-01-01 12:03:32+00:00,15.96631086642081,9.264926547405349,43.6532,-79.35657899447354,-0.01660511386744126,0.03218156377266692,9.765799263512596
2025-01-01 12:03:33+00:00,15.937249247447586,8.451516224793778,43.6532,-79.35647406339129,-0.03607156477858779,0.034444833330396614,9.871707201789004
2025-01-01 12:03:34+00:00,15.923682026467613,9.036935480282498,43.6532,-79.35636186394744,-0.02243835065527496,0.013732360180622228,9.882492376268061
2025-01-01 12:03:35+00:00,15.930363279925599,9.693684224968976,43.6532,-79.35624151053989,-0.08720938782769777,-0.030181021800954534,9.765927646676577
2025-01-01 12:03:36+00:00,15.934217187716094,8.515626552384298,43.6532,-79.35613578348614,0.08303037799472571,0.03544297876835702,9.797745912221158
2025-01-01 12:03:37+00:00,15.938133952908098,9.714903407643742,43.6532,-79.35601516662861,-0.07083017412128204,0.021140928733833074,9.77106622636712
2025-01-01 12:03:38+00:00,15.971730419414484,8.472815339804296,43.6532,-79.35590997110397,-0.14011013991958565,-0.15584282957995632,9.725730894756438
2025-01-01 12:03:39+00:00,15.921692419571128,8.936444187506979,43.6532,-79.355799019325,-0.05942122107915097,0.03222260167055212,9.825150552522809
2025-01-01 12:03:40+00:00,15.899411984798158,8.945921657443016,43.6532,-79.35568794987708,-0.03019197763980755,-0.09568713354307536,9.84667974341147
2025-01-01 12:03:41+00:00,15.907604571497698,8.984431538421147,43.6532,-79.3555764023039,-0.057477703162855914,0.03317807882956907,9.910593213156329
2025-01-01 12:03:42+00:00,15.901245609722437,8.587671115957983,43.6532,-79.35546978076994,0.05491517703662562,-0.007703619921241765,9.765129524818434
2025-01-01 12:03:43+00:00,15.916140480894502,8.739369607020523,43.6532,-79.35536127580033,-0.0068919589298046926,0.059680584037459905,9.87681175454063
2025-01-01 12:03:44+00:00,15.871688233333813,8.73015717090086,43.6532,-79.35525288520914,0.0012692802203229494,-0.004908060560296527,9.877117684562899
2025-01-01 12:03:45+00:00,15.899762735710384,9.25714168031749,43.6532,-79.3551379517618,0.03051958821527064,-0.044330713002805625,9.819892665478358
2025-01-01 12:03:46+00:00,15.897620948789358,9.288889333904422,43.6532,-79.35502262414664,0.0143006263489059,-0.007367683229142183,9.840108174478804
2025-01-01 12:03:47+00:00,15.89512776095773,10.267604717822326,43.6532,-79.35489514514211,0.04892836487230215,0.05299031474668873,9.853663652415035
2025-01-01 12:03:48+00:00,15.874531141058089,9.871417922950547,43.6532,-79.35477258505486,-0.05547387768180726,0.0013123308930793694,9.908704997412096
2025-01-01 12:03:49+00:00,15.877712350046348,8.962803138015719,43.6532,-79.35466130601236,-0.02737590503397159,-0.005716757993618839,9.833890428130823
2025-01-01 12:03:50+00:00,15.84998288866509,9.41245143647748,43.6532,-79.35454444429317,0.03329835730347689,0.03717767577541685,9.806993105724816
2025-01-01 12:03:51+00:00,15.86459103138117,9.781337769880608,43.6532,-79.35442300260972,-0.12672772310421151,0.010517968331490646,9.766691560049626
2025-01-01 12:03:52+00:00,15.859593521731753,9.331291580274018,43.6532,-79.35430714854304,-0.06875922396586204,-0.0002963702916615903,9.825266037750625
2025-01-01 12:03:53+00:00,15.874765074380988,9.314810679509161,43.6532,-79.35419149909748,0.02504961160899733,0.06830300342016658,9.861208246638654
2025-01-01 12:03:54+00:00,15.839313747022993,9.409467558094672,43.6532,-79.35407467442508,-0.024012451749746273,0.07775570160295339,9.822230518066474
2025-01-01 12:03:55+00:00,15.874054679897306,9.851753486057426,43.6532,-79.35395235848463,0.046805377505484885,0.03066631131643506,9.771003837553751
2025-01-01 12:03:56+00:00,15.884313730956606,9.02875486944129,43.6532,-79.3538402606084,0.04045901484265814,-0.014297957574258648,9.814453810124828
2025-01-01 12:03:57+00:00,15.80901766177018,9.325223408356022,43.6532,-79.35372448188203,-0.059904644009551915,0.07484554967604136,9.803542325876995
2025-01-01 12:03:58+00:00,15.854935859089686,9.758738743214177,43.6532,-79.35360332078022,0.02033285437334406,0.05915597786658536,9.823236937887787
2025-01-01 12:03:59+00:00,15.855942167378402,9.715008512771568,43.6532,-79.35348270261774,0.060084892783375324,0.03594485827641458,9.726907581639088
2025-01-01 12:04:00+00:00,15.825648588370425,9.715115516030487,43.6532,-79.35336208312674,0.007371720082548596,-0.06080382903729305,9.837539430705137
2025-01-01 12:04:01+00:00,15.826445214798566,9.446716466399273,43.6532,-79.35324479598486,-0.04887324386229346,0.007033595165398046,9.839771157838186
2025-01-01 12:04:02+00:00,15.827726361737076,10.154408854231109,43.6532,-79.35311872238076,0.043969497095668504,-0.03718360873504366,9.832242671909325
2025-01-01 12:04:03+00:00,15.820421477904453,10.771807087501479,43.6532,-79.3529849833752,0.03177122632769978,-0.007950612577717966,9.80981185914275
2025-01-01 12:04:04+00:00,15.816190358315218,9.944997776091666,43.6532,-79.3528615097461,0.027130539174939818,0.012002846464835936,9.719703186869829
2025-01-01 12:04:05+00:00,15.784843863773235,9.682280655888622,43.6532,-79.3527412979213,0.03579694467184959,0.005007970404531175,9.809033860401437
2025-01-01 12:04:06+00:00,15.837403893399168,10.193956789989178,43.6532,-79.35261473330378,-0.14973064301138095,-0.023758755291462427,9.863035749967109
2025-01-01 12:04:07+00:00,15.831942956147916,9.583853289976433,43.6532,-79.35249574351887,0.04404687805404858,0.06364768744599554,9.766993556185378
2025-01-01 12:04:08+00:00,15.790076621326769,9.515999312894895,43.6532,-79.3523775961853,0.09040659052894878,-0.08480656334157716,9.710536526691936
2025-01-01 12:04:09+00:00,15.773008742158474,9.944742182543493,43.6532,-79.35225412572959,0.021831923731464652,0.03650917655648072,9.732972101406466
2025-01-01 12:04:10+00:00,15.808751848447253,8.674477751933477,43.6532,-79.35214642643466,1.2096364498249863,-0.0928741635797269,9.82570128459103
2025-01-01 12:04:11+00:00,15.78280811372561,9.42646054388293,43.6532,-79.35202939078327,0.03482193366957197,0.019129906836173147,9.828643800442622
2025-01-01 12:04:12+00:00,15.793156258591958,9.867012300647316,43.6532,-79.35190688539468,0.016911273684255764,-0.04434521631419378,9.854314659731074
2025-01-01 12:04:13+00:00,15.779923949186314,9.401830597391585,43.6532,-79.35179015554013,0.0325890630850308,0.043915187886626524,9.807237050213518
2025-01-01 12:04:14+00:00,15.796134614754292,9.599686033805053,43.6532,-79.35167096918138,7.355001227054032e-05,0.004322626200379673,9.734983581201073
2025-01-01 12:04:15+00:00,15.792192144809682,9.935043231080789,43.6532,-79.35154761914447,-0.03833524272684502,0.012385318923341215,9.769074792970317
2025-01-01 12:04:16+00:00,15.759778536570963,9.369248366835254,43.6532,-79.35143129381954,-0.050216135610730676,-0.050913966278342576,9.850941968629968
2025-01-01 12:04:17+00:00,15.742616527236006,10.024889130276154,43.6532,-79.35130682828722,-0.04990958641159321,-0.0327285067498792,9.817024795371974
2025-01-01 12:04:18+00:00,15.734618360600878,9.99734103923779,43.6532,-79.3511827047824,-0.06865212754754477,0.010360869670547668,9.842491481734
2025-01-01 12:04:19+00:00,15.774478038333397,10.314563663985266,43.6532,-79.35105464275196,-0.05338710055095533,0.0291784963454652,9.831739440273052
2025-01-01 12:04:20+00:00,15.734486587799246,10.915648729604822,43.6532,-79.35091911785865,0.08806330637099316,0.14645481208819308,9.799751972413485
2025-01-01 12:04:21+00:00,15.744120768072625,10.461292283223369,43.6532,-79.35078923409677,0.03770478318281214,0.011142916155174336,9.801299658124599
2025-01-01 12:04:22+00:00,15.73832413659326,10.421819275218866,43.6532,-79.35065984041799,-0.03125136953423357,0.04880187626844629,9.902855113487794
2025-01-01 12:04:23+00:00,15.745192393640552,10.497005781948934,43.6532,-79.35052951324974,-0.019519634699275406,-0.07784669662546304,9.830733713330462
2025-01-01 12:04:24+00:00,15.703511465652687,10.59668476127592,43.6532,-79.35039794850199,0.0056278765453227145,-0.06649459306670315,9.803570622484182
2025-01-01 12:04:25+00:00,15.742005955909166,10.010026009038933,43.6532,-79.35027366750501,-0.03277725147421791,-0.017774738730422603,9.832770999546842
2025-01-01 12:04:26+00:00,15.744701526653646,10.496089567794737,43.6532,-79.35014335171215,0.003375842858716243,-0.05987138478192832,9.821145290981214
2025-01-01 12:04:27+00:00,15.731985470121527,10.742587686836295,43.6532,-79.3500099754845,0.038880206895145604,0.07431996267331924,9.702132181325277
2025-01-01 12:04:28+00:00,15.719992627150338,9.93719806860619,43.6532,-79.34988659869386,-0.0017871366774086742,-0.02051093463901644,9.842504225718617
2025-01-01 12:04:29+00:00,15.724151676113356,11.089380124071974,43.6532,-79.34974891681206,0.01680078713309961,0.06910909441965693,9.901046963704484
2025-01-01 12:04:30+00:00,15.726177921904457,11.230805586907827,43.6532,-79.34960947904096,0.0443245769679808,0.07433912370428154,9.770986006580497
2025-01-01 12:04:31+00:00,15.658738462066793,10.407560740255052,43.6532,-79.34948026239121,-0.01360658780091041,0.0021389859941783446,9.88270178744196
2025-01-01 12:04:32+00:00,15.749301885564012,10.635257486252021,43.6532,-79.34934821873794,0.014239529956718159,0.02508998769038195,9.797156515133405
2025-01-01 12:04:33+00:00,15.713978828056431,10.349034850062308,43.6532,-79.34921972872525,-0.01546887964416807,-0.0028049736670451453,9.824673569882492
2025-01-01 12:04:34+00:00,15.689122112158604,11.169529701261562,43.6532,-79.34908105173422,-0.00142644349172082,0.026921850017726935,9.863518000848659
2025-01-01 12:04:35+00:00,15.690344538506265,10.320423668670042,43.6532,-79.34895291694798,-0.016236513254148,0.02416709258902859,9.77399992843546
2025-01-01 12:04:36+00:00,15.704031763760675,10.77045801389543,43.6532,-79.34881919469204,-0.026443492677805765,-0.006182481294601536,9.872124695640924
2025-01-01 12:04:37+00:00,15.687828171636674,10.482345398835013,43.6532,-79.348689049542,0.008685592649351172,0.025248499073142017,9.749289135932033
2025-01-01 12:04:38+00:00,15.645529883265407,10.966819572146184,43.6532,-79.34855288932934,0.028327265790910622,0.0861848137833631,9.766242262554305
2025-01-01 12:04:39+00:00,15.723426752051894,10.073174604579684,43.6532,-79.34842782430138,0.007315222300052213,0.035650811485546885,9.780323984132623
2025-01-01 12:04:40+00:00,15.67591940388373,11.66185844271115,43.6532,-79.34828303472815,0.0249363479155966,0.016289980682031278,9.843100268322596
2025-01-01 12:04:41+00:00,15.69452699346637,10.544036595402844,43.6532,-79.3481521236417,-0.03689658901206149,0.006238476052160621,9.792956279471527
2025-01-01 12:04:42+00:00,15.656275864480039,11.083355762729195,43.6532,-79.34801451655628,-0.060186759609988975,-0.050633656188429556,9.734001277020708
2025-01-01 12:04:43+00:00,15.696837724724316,10.973554966607633,43.6532,-79.3478782727193,0.02085217514838018,-0.05136484385377313,9.79917335640751
2025-01-01 12:04:44+00:00,15.667830379620918,10.724490195678245,43.6532,-79.34774512118379,0.03439406955873773,0.01616782657401293,9.770788930873282
2025-01-01 12:04:45+00:00,15.670273704736253,10.686695106044256,43.6532,-79.34761243889895,0.0024928633299911326,-0.06846955620235787,9.846564681042018
2025-01-01 12:04:46+00:00,15.63318508292748,11.623113228888357,43.6532,-79.34746813037279,0.06740178902123593,-0.03831637994817916,9.792838247277246
2025-01-01 12:04:47+00:00,15.674306378247744,10.915698247834294,43.6532,-79.34733260486469,0.04538493989939493,0.06407556701820666,9.813538703795032
2025-01-01 12:04:48+00:00,15.659873157948459,11.336969227107312,43.6532,-79.34719184900281,0.13402854203845002,0.09571148485314071,9.789726377142967
2025-01-01 12:04:49+00:00,15.668107041452737,10.822747947624404,43.6532,-79.34705747753327,-0.010040425699783279,-0.08329780383988593,9.831696948411516
2025-01-01 12:04:50+00:00,15.625501687872276,10.921250729442459,43.6532,-79.34692188308749,-0.04994243980476841,0.0813324781150791,9.800820461826472
2025-01-01 12:04:51+00:00,15.624436218899566,11.501529490426597,43.6532,-79.34677908410269,-0.03700683953697568,-0.010571914542277832,9.826259935734354
2025-01-01 12:04:52+00:00,15.676128417426133,11.750381153356285,43.6532,-79.3466331954623,-0.028274890318732815,-0.0007502543515682403,9.680330571762916
2025-01-01 12:04:53+00:00,15.604843089221697,11.21648381644341,43.6532,-79.34649393550534,0.023801569171905727,-0.0056705815321366985,9.81486254384889
2025-01-01 12:04:54+00:00,15.619317733866234,10.611329424297669,43.6532,-79.34636218893455,-0.10790342819806285,0.054027206351274365,9.830695683505512
2025-01-01 12:04:55+00:00,15.640767877335527,12.338585593312544,43.6532,-79.34620899735268,0.06592755090454183,-0.08038382895215886,9.800035997254271
2025-01-01 12:04:56+00:00,15.615977871641444,10.927811083975492,43.6532,-79.34607332145582,-0.011964829557117208,0.022808180567756672,9.843469623569627
2025-01-01 12:04:57+00:00,15.621675768085884,10.600919881506162,43.6532,-79.34594170412629,-0.01233967788943759,-0.04724350986940055,9.846930351449641
2025-01-01 12:04:58+00:00,15.598021036109234,12.683693577540494,43.6532,-79.34578422780388,-0.05396715830124976,0.02853942646907869,9.875210694592475
2025-01-01 12:04:59+00:00,15.609404456655115,11.198363437937061,43.6532,-79.34564519282321,-0.0057112775725090105,0.0771398169146526,9.815240580403614
2025-01-01 12:05:00+00:00,15.57186612406713,10.682533425819532,43.6532,-79.34351256220835,0.0006619883833766777,-2.086632063100834e-05,9.714309964766501
2025-01-01 12:05:01+00:00,15.627152596897874,11.083813791142825,43.6532,-79.34537494943619,-0.006097246380013864,0.018707754298540127,9.695725027560519
2025-01-01 12:05:02+00:00,15.587620024606611,11.620546137999405,43.6532,-79.34523067278215,0.01695296279712152,0.02047758891188457,9.729907952396275
2025-01-01 12:05:03+00:00,15.572373063632918,11.542268546983815,43.6532,-79.34508736799542,-0.02948160209755149,-0.039979674983524505,9.808104646940794
2025-01-01 12:05:04+00:00,15.595297611557166,11.030679827327313,43.6532,-79.34495041491606,-0.04479078802054136,0.07558196749421592,9.802134735585971
2025-01-01 12:05:05+00:00,15.56874887637243,12.376424549178482,43.6532,-79.34479675353889,0.027416406524898997,0.08532341236304945,9.823811992601
2025-01-01 12:05:06+00:00,15.54727142489582,11.211872557207537,43.6532,-79.3446575508337,0.004933372690789784,0.03508916860585145,9.778737703872142
2025-01-01 12:05:07+00:00,15.543015566411595,10.886995306614827,43.6532,-79.34452238169132,0.00985905275986837,0.0036642716003822736,9.773175441424714
2025-01-01 12:05:08+00:00,15.57981870178502,11.965433878840628,43.6532,-79.34437382303119,0.05295136272209832,-0.023094690767714234,9.837752397120521
2025-01-01 12:05:09+00:00,15.558745092171968,12.154435948164197,43.6532,-79.34422291778719,-0.05112821956303429,-0.031324511157454375,9.842796220568626
2025-01-01 12:05:10+00:00,15.555255851945196,11.085041068120441,43.6532,-79.34408528977761,-0.042762022862543214,0.08554182912733278,9.797167493225976
2025-01-01 12:05:11+00:00,15.575478081461762,10.796060374277912,43.6532,-79.34395124965168,0.06286098254144971,0.07072075213645118,9.808076167088053
2025-01-01 12:05:12+00:00,15.527380011370775,12.013961022649617,43.6532,-79.34380208849542,-0.07414416787870214,-0.0031830744394774715,9.83021571716645
2025-01-01 12:05:13+00:00,15.531296294692286,10.476148155786976,43.6532,-79.3436720202882,-0.06547060731655072,-0.07899652648355619,9.83521717875815
2025-01-01 12:05:14+00:00,15.534205575769631,10.886626741480105,43.6532,-79.3435368557218,0.04089309155924979,-0.14160059349544937,9.752800965020063
2025-01-01 12:05:15+00:00,15.53978352594327,11.982847710536422,43.6532,-79.3433880808576,0.011910009601101931,-0.05417133301321399,9.774021307204103
2025-01-01 12:05:16+00:00,15.53304638733479,11.469695391059446,43.6532,-79.34324567711388,0.005261606852963793,-0.0065310197997559705,9.74847269771773
2025-01-01 12:05:17+00:00,15.524145394716477,11.362711084770337,43.6532,-79.34310460165007,-0.004582970405019159,0.07003445172215007,9.78465466925816
2025-01-01 12:05:18+00:00,15.524643932726034,11.66745890872184,43.6532,-79.3429597425434,0.0015633773513784742,-0.03258281045288904,9.850616679467093
2025-01-01 12:05:19+00:00,15.519723677445796,11.410099268203599,43.6532,-79.3428180787244,-0.004605605734597796,0.025240772817025088,9.837313593347188
2025-01-01 12:05:20+00:00,15.503471017404257,10.831646883451384,43.6532,-79.34268359676877,0.06777213512972091,0.06515904808242162,9.755095101981873
2025-01-01 12:05:21+00:00,15.497596567607884,12.11260301859385,43.6532,-79.34253321090785,-0.019907406437503758,0.006426815842802408,9.8356133363413
2025-01-01 12:05:22+00:00,15.515340076737118,12.12972283836323,43.6532,-79.34238261249321,-0.008068676813888958,-0.007122393439442067,9.814292155267124
2025-01-01 12:05:23+00:00,15.4880247701264,11.561612533976708,43.6532,-79.34223906753826,0.08972244026125369,-0.0654381757119304,9.785303664645705
2025-01-01 12:05:24+00:00,15.478689288806166,11.472328859285804,43.6532,-79.34209663109833,0.00137548510149179,-0.060123765410221644,9.73967701724482
2025-01-01 12:05:25+00:00,15.491583871171143,12.609480772507528,43.6532,-79.34194007617626,0.11160081947625888,0.020804981720791167,9.801258831419112
2025-01-01 12:05:26+00:00,15.490669698074052,11.290455712539224,43.6532,-79.34179989780998,-0.005248985050947678,-0.010045376660046337,9.843997200305799
2025-01-01 12:05:27+00:00,15.534950830546967,11.28699155255412,43.6532,-79.3416597624535,0.06837074912300793,0.006126565882665077,9.701845117580195
2025-01-01 12:05:28+00:00,15.47171567728755,11.586240176394556,43.6532,-79.34151591173034,-0.0827672019154839,-0.002363885784812357,9.790193840112428
2025-01-01 12:05:29+00:00,15.50066821950774,12.12599965210904,43.6532,-79.34136535954148,0.00768222304078332,0.033207202467932524,9.922714184940249
2025-01-01 12:05:30+00:00,15.492740093896114,12.17219135360298,43.6532,-79.34121423385254,-0.07922367815754677,-0.03923437057147226,9.843631835928406
2025-01-01 12:05:31+00:00,15.450010750311618,11.231124255817136,43.6532,-79.34107479212497,0.04222271533022932,-0.016779032179158347,9.822991624750175
2025-01-01 12:05:32+00:00,15.48524803116742,11.498327736578977,43.6532,-79.34093203289203,-0.06064339081045124,0.09480911143165721,9.773140741521456
2025-01-01 12:05:33+00:00,15.442098681019173,10.638029057383159,43.6532,-79.3407999548279,0.014188477719167276,-0.039989306919288536,9.776083508106302
2025-01-01 12:05:34+00:00,15.408586171266776,11.153159266857838,43.6532,-79.34066148108649,-0.014109793834521756,-0.014078771540005107,9.805835580215001
2025-01-01 12:05:35+00:00,15.469889328717572,10.87025774457748,43.6532,-79.34052651975185,-0.05791015925920145,-0.02946933509892847,9.890143181468858
2025-01-01 12:05:36+00:00,15.418638448765302,10.767433533040233,43.6532,-79.34039283504681,-0.08096799914487712,0.022239068120362512,9.833279459544746
2025-01-01 12:05:37+00:00,15.458768271873849,12.09128734072342,43.6532,-79.34024271383392,-0.02555202317900549,0.05111961612210347,9.766392080111459
2025-01-01 12:05:38+00:00,15.432062686886658,10.833221092466868,43.6532,-79.34010821233346,0.08703147229476654,-0.02491058092930548,9.868839348119193
2025-01-01 12:05:39+00:00,15.474927242968873,10.941656030072147,43.6532,-79.33997236454258,-0.014674252744468874,-0.021570717055234265,9.795370289642095
2025-01-01 12:05:40+00:00,15.45909973723507,11.367720794604393,43.6532,-79.33983122687994,0.045861077105792805,-0.013949080265151514,9.894867324050699
2025-01-01 12:05:41+00:00,15.424655155375394,11.810303517265023,43.6532,-79.33968459426436,-0.0028521433831094076,0.026491689173747886,9.781669848768114
2025-01-01 12:05:42+00:00,15.415959441435522,11.377814673233821,43.6532,-79.33954333127964,0.04383633868452262,-0.03696976512550977,9.759836712154806
2025-01-01 12:05:43+00:00,15.401427967797884,12.492087769662682,43.6532,-79.3393882338682,-0.09134556891522588,-0.01879799829856296,9.81873147889068
2025-01-01 12:05:44+00:00,15.412884385417588,11.049531782880845,43.6532,-79.33925104672954,-0.02015941534247667,-0.11860969357565077,9.859116349190016
2025-01-01 12:05:45+00:00,15.412089050363422,11.189998026007109,43.6532,-79.33911211561092,0.04747027618966094,-0.06908725047474927,9.861872239836545
2025-01-01 12:05:46+00:00,15.406395611582951,11.17154909644511,43.6532,-79.33897341354778,-0.008162747441658937,-0.005622187800964411,9.81795958833344
2025-01-01 12:05:47+00:00,15.412816881779904,11.723734188269749,43.6532,-79.33882785574684,-0.0043227641355523564,0.04489320866015607,9.76059516560157
2025-01-01 12:05:48+00:00,15.417246556832708,11.231658756368445,43.6532,-79.33868840738309,-0.02152309559428965,0.014753789165093121,9.784732963905107
2025-01-01 12:05:49+00:00,15.408662538221666,10.891140931370568,43.6532,-79.33855318677008,0.0574689691683562,-0.054938422833364975,9.70908590658229
2025-01-01 12:05:50+00:00,15.382379892807348,10.446132748532936,43.6532,-79.3384234912237,0.014875717697747296,-0.0700128104063971,9.76434392312156
2025-01-01 12:05:51+00:00,15.364900264013118,11.01214322416722,43.6532,-79.33828676828836,0.0022011138087673987,0.008734004644908437,9.801077159255138
2025-01-01 12:05:52+00:00,15.416940052654873,11.560080331610969,43.6532,-79.3381432423567,0.03215272726696464,-0.08264018211264218,9.829450107032674
2025-01-01 12:05:53+00:00,15.371853754205496,10.623164542210166,43.6532,-79.33801134884521,0.029411246455896836,0.05329634093584445,9.793027283926762
2025-01-01 12:05:54+00:00,15.368590188101466,11.061255346252292,43.6532,-79.33787401615086,0.01062935232187683,0.0031948095825089133,9.807151047251114
2025-01-01 12:05:55+00:00,15.367205596057818,10.887785901665868,43.6532,-79.33773883719273,0.07735157484954223,-0.0803660079617029,9.790190727762509
2025-01-01 12:05:56+00:00,15.33676131350438,11.163920789706303,43.6532,-79.33760022983999,-0.0030143766819559522,-0.04829769294209349,9.84755126520949
2025-01-01 12:05:57+00:00,15.360056546630375,10.29677393762384,43.6532,-79.3374723886806,0.013904052398397199,-0.03621556596155614,9.765044353078673
2025-01-01 12:05:58+00:00,15.3560162326347,11.839025764075215,43.6532,-79.33732539945959,-0.03214762766764453,-0.03865962551117194,9.851877395707318
2025-01-01 12:05:59+00:00,15.374009837085401,9.99225570372146,43.6532,-79.33720133909253,0.007505761350306461,-0.07449665041107462,9.908044040625697
2025-01-01 12:06:00+00:00,15.371565136304351,10.414798524086622,43.6532,-79.33707203258096,0.07938807618726838,-0.043733126099442264,9.833639482801097
2025-01-01 12:06:01+00:00,15.353664733307602,11.031983439100161,43.6532,-79.33693506331642,-0.03216288008943694,-0.03422007780702131,9.7836454194888
2025-01-01 12:06:02+00:00,15.368219605211834,10.676313861454494,43.6532,-79.3368025099215,-0.056679641281922946,-0.03556428778052192,9.78318649279566
2025-01-01 12:06:03+00:00,15.352375259609248,10.907619408915549,43.6532,-79.33666708471745,0.04983798214099078,0.05639783124666903,9.870491861109205
2025-01-01 12:06:04+00:00,15.341255639904844,10.20894531236212,43.6532,-79.33654033400767,-0.007438307611683963,0.005241390141360729,9.753670528706401
2025-01-01 12:06:05+00:00,15.340781167706533,10.383677575706017,43.6532,-79.33641141388296,0.004800210248488501,-0.04966286087187762,9.762309778986372
2025-01-01 12:06:06+00:00,15.329742856672613,10.391015605866832,43.6532,-79.33628240265182,-0.0022556651846667407,-0.0167310802977061,9.751777577306477
2025-01-01 12:06:07+00:00,15.321652258467244,11.133107614787386,43.6532,-79.33614417786472,0.003956086196476754,-0.04397785486556921,9.746074307973966
2025-01-01 12:06:08+00:00,15.320187900213707,10.657051998158186,43.6532,-79.33601186361838,0.042526534176171915,-0.01500033295058785,9.757759184031007
2025-01-01 12:06:09+00:00,15.298975666525859,10.673337679097,43.6532,-79.3358793471747,-0.041956209529963685,0.04377545765706917,9.849495247089274
2025-01-01 12:06:10+00:00,15.323138049465257,9.909030276234773,43.6532,-79.33575632010557,-0.05058870420527443,0.01261353903060627,9.865114128229402
2025-01-01 12:06:11+00:00,15.293660065344014,10.685277104283786,43.6532,-79.33562365542615,0.004248406851885384,0.11428005907640333,9.775146346381991
2025-01-01 12:06:12+00:00,15.326348485047749,10.276343144045141,43.6532,-79.33549606792836,-0.08032198447249164,0.01879637128837401,9.820366702302286
2025-01-01 12:06:13+00:00,15.300520010366732,10.820738940934802,43.6532,-79.33536172140194,-0.06865267680209643,-0.04567972549885535,9.847957833755412
2025-01-01 12:06:14+00:00,15.302492403806625,11.095731218092618,43.6532,-79.33522396066716,0.09333415741658135,0.040487036540722374,9.815028210154859
2025-01-01 12:06:15+00:00,15.307372561902916,9.897797489594153,43.6532,-79.3351010730604,0.0378734165030702,0.053996560857126785,9.762252862119139
2025-01-01 12:06:16+00:00,15.306355437882228,9.810475956407588,43.6532,-79.33497926960739,-0.0005028235934507269,0.054708349572197196,9.736479913243096
2025-01-01 12:06:17+00:00,15.258070002611973,9.544043624885141,43.6532,-79.33486077408541,0.061900346797921994,-0.054712047651754574,9.860521377656276
2025-01-01 12:06:18+00:00,15.281337719465036,9.866729971261984,43.6532,-79.33473827220213,-0.052029961504257254,-0.007381870725741875,9.83480897061442
2025-01-01 12:06:19+00:00,15.299072693433603,9.70999916088948,43.6532,-79.334617716234,-0.015780156169292913,0.05659059784142263,9.838847794669933
2025-01-01 12:06:20+00:00,15.243500321007014,10.043318314464525,43.6532,-79.33449302189136,0.031172680471219124,-0.08423644794369706,9.754617654954949
2025-01-01 12:06:21+00:00,15.281201369107235,9.753922487183422,43.6532,-79.33437192058652,0.04453358407156974,-0.024970838051101917,9.821748859644453
2025-01-01 12:06:22+00:00,15.224337797214961,9.608155014829096,43.6532,-79.33425262907984,0.025645842341388822,-0.07134688427134958,9.841449979372841
2025-01-01 12:06:23+00:00,15.244992267133966,10.284128320057567,43.6532,-79.33412494492403,-0.12706194038441124,-0.046628511494850665,9.825701692182358
2025-01-01 12:06:24+00:00,15.262208337247154,9.245932346018728,43.6532,-79.33401015064787,-0.0484041058832289,-0.050622857637190315,9.772748839159616
2025-01-01 12:06:25+00:00,15.224294746367583,9.89464193864306,43.6532,-79.33388730221932,0.023853404617843264,0.06252849162717175,9.860613025503268
2025-01-01 12:06:26+00:00,15.233712155864014,9.438534455751391,43.6532,-79.33377011666245,-0.017797574652340317,-0.01172690174543752,9.733618402591063
2025-01-01 12:06:27+00:00,15.219978992672097,9.967331725221875,43.6532,-79.33364636574284,0.1270115810379586,-0.04316777906708913,9.856437096240347
2025-01-01 12:06:28+00:00,15.278371713669195,10.261667994150262,43.6532,-79.3335189604466,0.046327915048354824,-0.05178028656922473,9.864052797204355
2025-01-01 12:06:29+00:00,15.244686892338462,9.381648079782735,43.6532,-79.33340248117115,0.02790409403093329,0.007083358243576515,9.888616515876762
2025-01-01 12:06:30+00:00,15.24874146498944,9.718166357228599,43.6532,-79.33328182380197,-0.05584747768733618,-0.0005567813670333554,9.79287539048748
2025-01-01 12:06:31+00:00,15.228935479625758,9.551814035089386,43.6532,-79.33316323180529,-0.001764836980145778,0.06720371873367136,9.760028499171925
2025-01-01 12:06:32+00:00,15.222313668864588,9.027811195233893,43.6532,-79.33305114564538,0.012060198210947627,0.02500083479286513,9.84969401811542
2025-01-01 12:06:33+00:00,15.193046142270385,9.513379918052445,43.6532,-79.3329330308333,0.05638918150639012,-0.07158988890325188,9.775039236045652
2025-01-01 12:06:34+00:00,15.215532200992122,9.503390815534232,43.6532,-79.33281504004246,0.04405655485498162,-0.031449035379563416,9.8121997755722
2025-01-01 12:06:35+00:00,15.202132426214519,9.531512421835284,43.6532,-79.33269670010354,0.051649459725997285,0.053503625603548856,9.794126889141998
2025-01-01 12:06:36+00:00,15.230514071140272,9.192547226283137,43.6532,-79.33258256863843,-0.046195600790500106,-0.03105413488506887,9.764896401429347
2025-01-01 12:06:37+00:00,15.232170952191249,9.305956602273325,43.6532,-79.33246702912201,0.07060758491493155,0.08672860874618546,9.826049973309246
2025-01-01 12:06:38+00:00,15.234673811373254,8.652633492961986,43.6532,-79.33235960103781,-0.06902153761536346,-0.054914471566237334,9.740399204172098
2025-01-01 12:06:39+00:00,15.218386598054668,9.015445506829916,43.6532,-79.33224766840598,-0.02679572808330809,0.02863066765203951,9.839610284082202
2025-01-01 12:06:40+00:00,15.185355802730655,9.441052555449419,43.6532,-79.33213045158526,0.021538556747282073,-0.04306077766993208,9.761653445577164
2025-01-01 12:06:41+00:00,15.17100426395358,9.578401631319972,43.6532,-79.33201152948624,-0.007494579586656966,-0.025479756647317872,9.723413432676605
2025-01-01 12:06:42+00:00,15.204648789509363,8.890644928803377,43.6532,-79.33190114633493,-0.05030184289601958,0.054929082411557334,9.807494627060485
2025-01-01 12:06:43+00:00,15.192434704429578,9.124360228831744,43.6532,-79.33178786145585,-0.041077491280156635,-0.006353358141925847,9.831581692640562
2025-01-01 12:06:44+00:00,15.145931401270266,9.156812655678296,43.6532,-79.33167417365874,-0.07741271614245213,0.04067261225570536,9.838846729852662
2025-01-01 12:06:45+00:00,15.184405128342355,9.11490897204913,43.6532,-79.33156100612317,0.02659873195035957,0.023664529745739973,9.850917686541358
2025-01-01 12:06:46+00:00,15.189579211140911,9.256556967959124,43.6532,-79.3314460799354,0.06302844225210746,0.037693284178115044,9.69231798001548
2025-01-01 12:06:47+00:00,15.170460648678457,8.049768264584666,43.6532,-79.33134613681592,-0.005019675170068301,-0.04440941055427566,9.759742778452168
2025-01-01 12:06:48+00:00,15.16157438567831,8.907434835213014,43.6532,-79.33123554520698,-0.020017440750671172,-0.011078719910200034,9.815332614725152
2025-01-01 12:06:49+00:00,15.145115811549845,9.025573096254712,43.6532,-79.33112348683454,-0.07361614642332448,0.021212630905043512,9.885950163996808
2025-01-01 12:06:50+00:00,15.128331409514576,8.380536510226142,43.6532,-79.3310194370117,0.045660096212608886,-0.04245364363468302,9.849187224683737
2025-01-01 12:06:51+00:00,15.169261384696318,9.693041789762583,43.6532,-79.3308990915804,0.11056521666197466,0.08147500216161643,9.905067002592407
2025-01-01 12:06:52+00:00,15.143066459017755,8.912893142561616,43.6532,-79.33078843220302,-0.08987279021834488,-0.03886140210775672,9.783753028854301
2025-01-01 12:06:53+00:00,15.140572736885987,9.59061278412151,43.6532,-79.33066935849459,-0.053171646907730345,-0.015000178846889763,9.8237208497641
2025-01-01 12:06:54+00:00,15.175889816058918,8.391192682970617,43.6532,-79.33056517636842,-0.03397965212720721,-0.05032795323971188,9.755001459621536
2025-01-01 12:06:55+00:00,15.15091873666139,8.31110887632141,43.6532,-79.33046198853492,-0.02821589548412445,-0.10716540326193442,9.7897823890188
2025-01-01 12:06:56+00:00,15.140638536753501,8.855964355816898,43.6532,-79.33035203596553,0.011367297507174051,0.08984592612874641,9.773235214085851
2025-01-01 12:06:57+00:00,15.132056595035298,7.884361055663551,43.6532,-79.33025414648436,0.08071247736401138,-0.010216946845152362,9.778300567034165
2025-01-01 12:06:58+00:00,15.155608578350542,8.811855332147855,43.6532,-79.33014474155725,0.050429864343005185,-0.022395741920777014,9.790327543940718
2025-01-01 12:06:59+00:00,15.155593789487224,8.734461883287812,43.6532,-79.33003629752024,0.026379869138715796,-0.009935753083539934,9.810135876994535
2025-01-01 12:07:00+00:00,14.435785427772162,9.175988682445707,43.6532,-79.32992237164025,-0.03619643520293011,0.07099319860982178,9.811110633225825
2025-01-01 12:07:01+00:00,15.124833139574203,9.001815627102888,43.6532,-79.32981060823226,-0.05598141168402272,-0.048255330403220865,9.837172671979136
2025-01-01 12:07:02+00:00,15.067289908525794,8.426540909721858,43.6532,-79.32970598723485,-0.03983876531531505,0.033978393288254125,9.816999423369344
2025-01-01 12:07:03+00:00,15.10764973043826,8.07137164125319,43.6532,-79.32960577589536,0.07740334006893694,-0.021189412427473818,9.79279771855752
2025-01-01 12:07:04+00:00,15.098566475273389,9.461978225038713,43.6532,-79.3294882992688,-0.003087165072895054,-0.02983354277691549,9.783871072923404
2025-01-01 12:07:05+00:00,15.099041001148647,8.196347974925585,43.6532,-79.3293865362667,-0.02234181268313106,0.02835291062600912,9.794643413992066
2025-01-01 12:07:06+00:00,15.112016180511057,8.05710571779647,43.6532,-79.32928650204795,-0.009187786512499614,0.049412028687134846,9.787548142927653
2025-01-01 12:07:07+00:00,15.03435503762449,8.025792979710392,43.6532,-79.32918685659726,0.041230910981923385,-0.025695147513995778,9.834548552759099
2025-01-01 12:07:08+00:00,15.073755662102549,9.116124485616718,43.6532,-79.3290736739703,-0.06564248372748958,-0.0384424579837405,9.853276259533564
2025-01-01 12:07:09+00:00,15.086533312474442,8.288177089677083,43.6532,-79.32897077084988,0.07074370679612112,-0.05845478736610136,9.873702226897354
2025-01-01 12:07:10+00:00,15.067791636658244,8.161841041610103,43.6532,-79.32886943627382,0.007823812847314949,0.05517518833641878,9.77011486200298
2025-01-01 12:07:11+00:00,15.044783747520446,8.599520591297189,43.6532,-79.32876266762091,-0.010817198914786306,-0.028762799740305902,9.833468611266937
2025-01-01 12:07:12+00:00,15.08649446172458,8.420107075026367,43.6532,-79.32865812650373,0.022142305687336952,-0.09245653636377256,9.740266017920368
2025-01-01 12:07:13+00:00,15.07064595230724,8.17836124992915,43.6532,-79.32855658681852,0.010919853656496852,0.07049760691980732,9.82865873591263
2025-01-01 12:07:14+00:00,15.041679744985101,8.889163931102889,43.6532,-79.32844622205477,-0.017209822823369064,-0.06849297509764711,9.864133614104555
2025-01-01 12:07:15+00:00,15.06339150268798,9.040518114491245,43.6532,-79.32833397813017,-0.012635533602080334,0.038973026562953074,9.80252052491665
2025-01-01 12:07:16+00:00,15.069520195042331,8.997146948527202,43.6532,-79.32822227268689,-0.04344312734329761,0.009171432333376237,9.863631802362944
2025-01-01 12:07:17+00:00,15.049187655930996,8.885513623830764,43.6532,-79.32811195324408,0.03281953754296512,0.01439577161076392,9.753071606484227
2025-01-01 12:07:18+00:00,15.0610864212773,8.701871445343725,43.6532,-79.32800391383859,-0.02659969047055809,-0.0292187637655661,9.76556773584542
2025-01-01 12:07:19+00:00,15.042633650915587,7.612059803928869,43.6532,-79.32790940515493,-0.047812921121614144,0.018279573011231804,9.803209507867816
2025-01-01 12:07:20+00:00,15.029157189962941,9.335014912519997,43.6532,-79.32779350486065,0.008293176132676867,-0.08338899464421187,9.861110517729292
2025-01-01 12:07:21+00:00,15.009866681491701,8.652710159363856,43.6532,-79.32768607582459,0.06645706413727767,0.029401887436990643,9.789128527182902
2025-01-01 12:07:22+00:00,15.02732979868394,8.808059320766713,43.6532,-79.32757671802742,-0.002417231188990981,0.07785050207660801,9.787322344954562
2025-01-01 12:07:23+00:00,15.02892759498796,9.064665908521173,43.6532,-79.32746417429223,-0.0304050628475845,0.04420135987131631,9.7604185820811
2025-01-01 12:07:24+00:00,15.038551713662466,9.228000717008273,43.6532,-79.32734960264894,0.02019480104179869,-0.10097700426933608,9.820144052222131
2025-01-01 12:07:25+00:00,15.014726231264646,8.725596672345965,43.6532,-79.3272412686793,0.09683562312012761,-0.04921045011364242,9.872334757044722
2025-01-01 12:07:26+00:00,15.022170014962484,8.740174248887461,43.6532,-79.32713275371955,-0.07259527647158737,-0.009389746098740347,9.845034005454686
2025-01-01 12:07:27+00:00,14.989722784767062,8.22971906995122,43.6532,-79.32703057639354,0.01911013938926468,0.024346865246996634,9.844832532716813
2025-01-01 12:07:28+00:00,14.98935576412886,8.553728315063768,43.6532,-79.32692437628158,0.01025433126159269,-0.005332633683011255,9.799651276253817
2025-01-01 12:07:29+00:00,14.998793883468544,8.118872307485637,43.6532,-79.32682357519037,0.05807669017795586,-0.024660719355524892,9.781834532036806
2025-01-01 12:07:30+00:00,14.975902422373055,8.195663938840717,43.6532,-79.32672182068102,0.04954545868424226,0.02976501538461464,9.843862295820818
2025-01-01 12:07:31+00:00,15.00939327060292,8.119433968699362,43.6532,-79.32662101261641,-0.009335455590488961,0.058207588311248316,9.808404446218294
2025-01-01 12:07:32+00:00,14.998244242646471,8.499695248610946,43.6532,-79.32651548336018,-0.08422586277124415,-0.011614700359329868,9.801319588214032
2025-01-01 12:07:33+00:00,14.990556873551622,9.114631669253123,43.6532,-79.32640231926752,0.04032818839481298,0.03644649336926197,9.85491203112018
2025-01-01 12:07:34+00:00,14.987746362971764,10.188834438430147,43.6532,-79.32627581824734,-0.04175963450957416,-0.12895253725947373,9.800110627416364
2025-01-01 12:07:35+00:00,15.017382473900815,8.712234626360294,43.6532,-79.32616765017622,-0.04733702054785948,-0.046875469305436464,9.76811118703074
2025-01-01 12:07:36+00:00,14.963577641115455,7.958282933657354,43.6532,-79.32606884290675,0.05741752903455632,-0.016062946852900477,9.855459424766549
2025-01-01 12:07:37+00:00,14.924919421368454,9.280843317795336,43.6532,-79.32595361518813,-0.04554251888193263,-0.024428311037731288,9.814035994521694
2025-01-01 12:07:38+00:00,14.968927573220066,8.514669448874917,43.6532,-79.32584790001745,0.07014223700501217,0.01663991087022274,9.758148532807565
2025-01-01 12:07:39+00:00,14.959922820666577,8.352303905348581,43.6532,-79.3257442007208,0.016792236070265653,0.050687527374913034,9.75435470525642
2025-01-01 12:07:40+00:00,14.946577832839276,8.805905834669199,43.6532,-79.32563486966058,0.01595592000431412,0.025333451301419424,9.814770593791344
2025-01-01 12:07:41+00:00,14.93334493870598,8.099856246617541,43.6532,-79.32553430466616,0.015363239025279552,-0.031111273587752793,9.926870483073914
2025-01-01 12:07:42+00:00,14.940131067660785,8.8513901048034,43.6532,-79.32542440888908,-0.08192118128708961,-0.07613840452520931,9.790358969822691
2025-01-01 12:07:43+00:00,14.948534948884857,8.716750728488094,43.6532,-79.3253161847476,-0.08881943081732879,0.02784820602894435,9.79318630704572
2025-01-01 12:07:44+00:00,14.930845168491324,8.83168437147044,43.6532,-79.32520653363004,0.010777652689434241,-0.09190883698350061,9.886188559880853
2025-01-01 12:07:45+00:00,14.985143898298723,8.995523916432402,43.6532,-79.32509484833774,0.028400367961321005,0.032651864170321426,9.807135940010475
2025-01-01 12:07:46+00:00,14.913678059278856,8.861631736385517,43.6532,-79.32498482540413,0.004130551607810051,-0.009422454106503414,9.737576656837602
2025-01-01 12:07:47+00:00,14.913019121861039,8.859859449367951,43.6532,-79.3248748244746,-0.04107672585097638,-0.058791749396911445,9.731360177372592
2025-01-01 12:07:48+00:00,14.879102390518575,9.018372520528727,43.6532,-79.324762855502,0.0009461051941097369,0.01436286562333964,9.871333198689374
2025-01-01 12:07:49+00:00,14.925897801822968,9.109145103554045,43.6532,-79.32464975952861,-0.004101707657274208,-0.00014380513295004954,9.84331772711251
2025-01-01 12:07:50+00:00,14.876533303170216,8.411621945147703,43.6532,-79.32454532375985,-0.04785790491377052,-0.001829864645812345,9.85130628542156
2025-01-01 12:07:51+00:00,14.902065665262393,8.238958533924453,43.6532,-79.32444303171988,0.05069860770560807,-0.004211164826369702,9.807112172081064
2025-01-01 12:07:52+00:00,14.903334669442344,8.950382054235114,43.6532,-79.32433190689322,-0.0865138030775043,0.020976205421307077,9.773664398700861
2025-01-01 12:07:53+00:00,14.890646843020292,8.29271909616347,43.6532,-79.32422894738083,0.029437120340375322,0.04622170109792548,9.799141844213793
2025-01-01 12:07:54+00:00,14.935612178089992,9.081359695228318,43.6532,-79.3241161963814,0.019216170260562267,0.024830759924192577,9.816801560868718
2025-01-01 12:07:55+00:00,14.916715934570883,9.53607799851963,43.6532,-79.32399779975786,0.05048559274058572,0.05060665949111548,9.768084442215066
2025-01-01 12:07:56+00:00,14.919204106474279,9.399956225850847,43.6532,-79.32388109317485,-0.05026559361744294,-0.0022069859423903123,9.838072495477556
2025-01-01 12:07:57+00:00,14.871166314780922,8.602577623056327,43.6532,-79.32377428656689,0.00507035733341055,0.08092296621159872,9.747020191560015
2025-01-01 12:07:58+00:00,14.907379894645885,8.727341668192539,43.6532,-79.323665930932,0.10855824746590831,0.028555491106491134,9.793362061771239
2025-01-01 12:07:59+00:00,14.890721354486145,9.352961920868749,43.6532,-79.32354980781392,0.03310371444998532,-0.027184701484138842,9.799799606376176
2025-01-01 12:08:00+00:00,14.892222776736476,9.020009410581597,43.6532,-79.32343781851824,0.00502906043644816,-0.054694752836720255,9.775449009341232
2025-01-01 12:08:01+00:00,14.893376756542267,9.09466639611469,43.6532,-79.32332490230745,0.026958063705709828,0.010289840186704,9.69972473224901
2025-01-01 12:08:02+00:00,14.850606037251103,9.584251429162688,43.6532,-79.32320590757938,0.0043088421190060015,-0.06532607614613005,9.832393483205562
2025-01-01 12:08:03+00:00,14.8562882719544,8.825406831084635,43.6532,-79.32309633440157,0.10954490066199202,-0.04866879837783743,9.772212461977988
2025-01-01 12:08:04+00:00,14.878019866804198,9.152111805657194,43.6532,-79.32298270496858,0.04918180978945898,0.011954354018679962,9.87628539796622
2025-01-01 12:08:05+00:00,14.803648886921803,8.98677278029343,43.6532,-79.32287112832734,-0.004280747711524854,-0.03039437231409771,9.792900886115797
2025-01-01 12:08:06+00:00,14.88302115263644,8.899718628857435,43.6532,-79.32276063252013,0.012616571569226062,-0.04666581201134612,9.78293202057844
2025-01-01 12:08:07+00:00,14.8598105544728,9.027576530684081,43.6532,-79.32264854927374,-0.01953989980405068,-0.001723752304419913,9.814576097338945
2025-01-01 12:08:08+00:00,14.843827156179117,9.830020002680548,43.6532,-79.32252650316865,0.060492506320515255,0.0036338949551894943,9.862671987431522
2025-01-01 12:08:09+00:00,14.845144710711137,9.552691395962551,43.6532,-79.32240790027896,-0.07030523856955055,-0.010291701260936882,9.781829616844092
2025-01-01 12:08:10+00:00,14.816129174133486,9.12298990460265,43.6532,-79.32229463241335,-0.08023692649304937,-0.01887734595296443,9.86073688474149
2025-01-01 12:08:11+00:00,14.825722334711557,9.483082725896766,43.6532,-79.32217689376066,0.07293573748379968,0.04273213643562243,9.882015182050882
2025-01-01 12:08:12+00:00,14.850720210971419,8.815544865971942,43.6532,-79.32206744302557,0.10765598962852914,0.01712136756434138,9.859516140532797
2025-01-01 12:08:13+00:00,14.85066828585721,9.30483601322323,43.6532,-79.321951917422,0.023415245384479588,-0.011171305609734802,9.891321574549613
2025-01-01 12:08:14+00:00,14.87462564966563,10.783029574510717,43.6532,-79.32181803908195,0.005636897061786863,0.12321609667576827,9.874632301050625
2025-01-01 12:08:15+00:00,14.815215997492421,9.700053220655068,43.6532,-79.32169760659916,0.03286338451523887,0.009691586846420654,9.885744114694651
2025-01-01 12:08:16+00:00,14.799516753685603,10.148097236812923,43.6532,-79.3215716113579,-0.03235267631913796,0.05660025668386649,9.890216315970783
2025-01-01 12:08:17+00:00,14.798396455906577,9.786752743787376,43.6532,-79.32145010244402,0.008562177257610624,-0.028049050156587825,9.820403476481498
2025-01-01 12:08:18+00:00,14.784313619923301,10.030923892535622,43.6532,-79.3213255619862,0.0019454352928107517,-0.06814704736040049,9.78853880502139
2025-01-01 12:08:19+00:00,14.799110684513904,10.225900433070105,43.6532,-79.32119860076754,0.03132821253726803,-0.03958782578217322,9.69688781823781
2025-01-01 12:08:20+00:00,14.80431575043664,9.379461500520618,43.6532,-79.3210821486399,-0.07789992640916982,-0.013400489169905598,9.74386334402391
2025-01-01 12:08:21+00:00,14.791969578429429,9.95384286584221,43.6532,-79.32095856519327,-0.025351738488266874,-0.024830410486475853,9.78758586004206
2025-01-01 12:08:22+00:00,14.810574683157055,10.796304030601185,43.6532,-79.32082452204219,0.04224978015004186,0.06681930911613969,9.790913245637972
2025-01-01 12:08:23+00:00,14.779956752420523,9.646677288507995,43.6532,-79.32070475225638,-0.033779691381503156,-0.006002056104805402,9.802360276829896
2025-01-01 12:08:24+00:00,14.773685377601115,9.798735908249547,43.6532,-79.32058309456372,-0.04966806877115677,0.023073443872056995,9.759961975487563
2025-01-01 12:08:25+00:00,14.765002343317551,9.965587077132735,43.6532,-79.32045936530503,0.10210360749134771,-0.002324057801644516,9.730211119427935
2025-01-01 12:08:26+00:00,14.739968344533741,10.291346742129695,43.6532,-79.32033159152779,0.0019059000089700182,-0.02167771663665838,9.803488841676664
2025-01-01 12:08:27+00:00,14.737259002775934,10.456597282980615,43.6532,-79.3202017660574,-0.028945906997160393,0.00189980067267575,9.80052910355941
2025-01-01 12:08:28+00:00,14.741024520853022,10.865026088607125,43.6532,-79.32006686967718,-0.08461852187370543,0.0857025734885366,9.769622297922508
2025-01-01 12:08:29+00:00,14.786629563102744,10.518106237264524,43.6532,-79.31993628053301,0.03646731731402131,-0.03839742958684075,9.77289239191748
2025-01-01 12:08:30+00:00,14.774499529330921,10.274199142078828,43.6532,-79.3198087196544,0.03495680768593469,0.03834952252797756,9.76299217040638
2025-01-01 12:08:31+00:00,14.780086927404653,10.97148646068749,43.6532,-79.31967250149928,-0.014937980028496799,-0.051300362581289095,9.790173813049185
2025-01-01 12:08:32+00:00,14.721936735188578,10.730421205668552,43.6532,-79.31953927632641,-0.055111509545354535,-0.02298132211347195,9.767184858650237
2025-01-01 12:08:33+00:00,14.70520179668842,9.666751478787688,43.6532,-79.31941925730646,-0.0012274711821189518,0.00017916029772918236,9.872993766575851
2025-01-01 12:08:34+00:00,14.727366486285133,11.713740927579549,43.6532,-79.31927382357836,-0.04179280337408107,0.016318754486349535,9.822049836602256
2025-01-01 12:08:35+00:00,14.740077313957407,11.37120054773319,43.6532,-79.31913264271233,-0.047104679443655796,0.0741564313986907,9.761384104098674
2025-01-01 12:08:36+00:00,14.742528062593356,10.437510888971955,43.6532,-79.31900305421195,-0.0051606375730853795,-0.002504132073226771,9.795977610926627
2025-01-01 12:08:37+00:00,14.749507022418193,10.745624114361267,43.6532,-79.31886964028506,-0.05256951993300323,-0.04218078032679633,9.750985719682442
2025-01-01 12:08:38+00:00,14.730226494918648,11.253550439070477,43.6532,-79.3187299201218,0.012332447762622309,0.03250209865253849,9.86060841475874
2025-01-01 12:08:39+00:00,14.75538759931929,10.539601845658462,43.6532,-79.31859906409565,0.030399625470319866,-0.0182084904457878,9.879209336229042
2025-01-01 12:08:40+00:00,14.712075432290883,11.024816964919877,43.6532,-79.31846218380757,-0.04198162235865957,-1.4880659214534082,9.872600099137651
2025-01-01 12:08:41+00:00,14.694259283752686,11.24545550249347,43.6532,-79.31832256414822,-0.06841225476691953,-0.005811121976887593,9.75276536843787
2025-01-01 12:08:42+00:00,14.674889826007307,10.21884385390073,43.6532,-79.3181956905416,0.07806397994779035,-0.09717284256434114,9.805436649013691
2025-01-01 12:08:43+00:00,14.68672808535896,10.457726019504795,43.6532,-79.3180658510572,-0.047013511797860244,0.025414959279698657,9.789921466224355
2025-01-01 12:08:44+00:00,14.705343193944245,11.251755416145478,43.6532,-79.31792615318032,-0.03299713525511688,0.029168400341064937,9.83810065529571
2025-01-01 12:08:45+00:00,14.678719751781141,11.053121693517394,43.6532,-79.31778892147058,0.01065085837149437,0.04633023841543027,9.759604509835805
2025-01-01 12:08:46+00:00,14.711222328402593,11.315760084945238,43.6532,-79.31764842893402,0.029968468626114853,0.09002313812301138,9.77620541529995
2025-01-01 12:08:47+00:00,14.716727355456309,10.81818972832331,43.6532,-79.31751411405774,-0.01281584468448214,-0.05975518867317379,9.78933914858241
2025-01-01 12:08:48+00:00,14.6370823854347,10.770028446663268,43.6532,-79.31738039713517,0.02303971638506278,0.025825372214087972,9.817664423456621
2025-01-01 12:08:49+00:00,14.69774849175286,9.944695168853073,43.6532,-79.31725692726314,-0.020049307894820054,0.02046474983204777,9.844706435406895
2025-01-01 12:08:50+00:00,14.631668686773343,10.399906597888071,43.6532,-79.31712780564455,-0.04855853324121954,-0.020954099640391105,9.79356361536317
2025-01-01 12:08:51+00:00,14.680484071252057,11.024721696124901,43.6532,-79.31699092653928,0.07131584303935137,0.01985531182248894,9.843198253776311
2025-01-01 12:08:52+00:00,14.692944823637797,11.441121295098592,43.6532,-79.3168488775616,0.12442208071655642,0.0249823477555983,9.851103817839858
2025-01-01 12:08:53+00:00,14.665737856684467,11.32144076334854,43.6532,-79.31670831449571,0.08479847665070847,-0.06093419149885985,9.79933923815641
2025-01-01 12:08:54+00:00,14.634840273297183,11.018077409990784,43.6532,-79.31657151788359,0.007090331957672723,0.01231113806382161,9.747717093356721
2025-01-01 12:08:55+00:00,14.644718754879387,10.971980831919012,43.6532,-79.31643529359052,0.09167176809078392,-0.04589921530023078,9.751440483228293
2025-01-01 12:08:56+00:00,14.647187792254398,11.241429955474343,43.6532,-79.31629572391097,0.017785175786199224,-0.032592824996529525,9.839586348757578
2025-01-01 12:08:57+00:00,14.644769127696488,11.196208899730582,43.6532,-79.31615671568031,-0.023864313520161468,-0.08873724075943251,9.786188778184266
2025-01-01 12:08:58+00:00,14.640349408760626,11.882913668361018,43.6532,-79.31600918156236,0.023318978719098944,-0.02366804627512394,9.724368533865878
2025-01-01 12:08:59+00:00,14.638203012193447,11.276658570125006,43.6532,-79.31586917449661,-0.004719625320559248,-0.010178533573673848,9.84064761840915
2025-01-01 12:09:00+00:00,14.640663590961509,10.484857854907498,43.6532,-79.31573899815278,-0.049155909187285386,0.027492843364819542,9.816477726027312
2025-01-01 12:09:01+00:00,14.608215839112313,10.610475974763922,43.6532,-79.31560726217813,-0.0449160985716008,4.499633355535773e-05,9.73970164594287
2025-01-01 12:09:02+00:00,14.623540237793248,12.026627132075378,43.6532,-79.31545794376387,0.0401025869370258,-0.07711440753998394,9.868970999060133
2025-01-01 12:09:03+00:00,14.654739180001439,10.701365019330321,43.6532,-79.3153250793425,-0.09232659908323365,0.04310740284421337,9.851831799357887
2025-01-01 12:09:04+00:00,14.612674370335146,11.688084776571232,43.6532,-79.31517996415224,0.03020683702213421,-0.0059293311775046155,9.81693726256451
2025-01-01 12:09:05+00:00,14.607483879138567,11.189721650400806,43.6532,-79.31504103646499,-0.08147918013742192,0.024418529521482872,9.74628403161328
2025-01-01 12:09:06+00:00,14.633917869279626,11.256270674825185,43.6532,-79.31490128252824,-0.10605882224512181,0.04829680592298506,9.739883473355736
2025-01-01 12:09:07+00:00,14.557163552082134,11.290484258410265,43.6532,-79.31476110380756,-0.09194233018792493,0.07113023744845175,9.794646575657929
2025-01-01 12:09:08+00:00,14.627968139638455,11.983792697555172,43.6532,-79.31461231721072,0.098338198596737,0.09806134946825078,9.724304230522486
2025-01-01 12:09:09+00:00,14.587695814656259,11.291367861151162,43.6532,-79.31447212751952,-0.0098116982471771,-0.003611937933583398,9.830254013659225
2025-01-01 12:09:10+00:00,14.599605783469086,11.384947470619617,43.6532,-79.31433077597649,0.004329159008270955,0.015556222304682676,9.739458834330984
2025-01-01 12:09:11+00:00,14.59424696134213,10.64914481411507,43.6532,-79.31419855990299,0.07096275229554756,-0.05391805454083899,9.818245636462736
2025-01-01 12:09:12+00:00,14.607163218811788,11.529944269837568,43.6532,-79.31405540813019,0.04670898742498625,0.05308000850176306,9.795593427363665
2025-01-01 12:09:13+00:00,14.578955283706344,11.703278161478258,43.6532,-79.31391010430414,-0.06957526347021098,-0.059244372228588485,9.845589263404852
2025-01-01 12:09:14+00:00,14.566739985203435,11.567586038536719,43.6532,-79.31376648518425,0.043450317140938055,-0.09026258443152106,9.763102620236927
2025-01-01 12:09:15+00:00,14.60225073885142,12.156309733891273,43.6532,-79.31361555667597,0.009209063235177315,0.04151930026701959,9.823686472476236
2025-01-01 12:09:16+00:00,14.525003668899247,11.49338178885342,43.6532,-79.3134728588502,-0.01708390487979403,-0.02608482624739077,9.740257990358268
2025-01-01 12:09:17+00:00,14.568687151079848,11.622800211708435,43.6532,-79.31332855421036,0.0012145457068890196,0.038880364067112025,9.849777477588471
2025-01-01 12:09:18+00:00,14.537315281196834,12.304155012481264,43.6532,-79.3131757901066,0.0639906010314011,0.020403732467308436,9.804251911686126
2025-01-01 12:09:19+00:00,14.545035644087957,10.71055945462591,43.6532,-79.31304281153031,-0.04429832410204765,-0.08150013255118543,9.834792533448272
2025-01-01 12:09:20+00:00,14.596485567686026,11.262385884265933,43.6532,-79.31290298166924,0.02004428395520606,-0.13598396821613074,11.7439737326586
2025-01-01 12:09:21+00:00,14.551361847731316,12.207175442705182,43.6532,-79.31275142163004,-0.0004828618266454173,-0.05483008735463596,9.83495421378359
2025-01-01 12:09:22+00:00,14.552148472407136,11.96502126780063,43.6532,-79.31260286809275,-0.08985823076978093,0.000824574349043227,9.825310169815186
2025-01-01 12:09:23+00:00,14.508609143553668,11.838068694661796,43.6532,-79.31245589075439,-0.04011265858654054,-0.061088816734738594,9.828184894635669
2025-01-01 12:09:24+00:00,14.525652829695558,11.916186086046345,43.6532,-79.3123079435377,0.009660677661684824,-0.03263807246743565,9.8256316981507
2025-01-01 12:09:25+00:00,14.540158193089702,11.66343539560988,43.6532,-79.31216313438557,0.06486710445464454,-0.07294703652986627,9.800326805860482
2025-01-01 12:09:26+00:00,14.539315521141063,12.314802057143813,43.6532,-79.3120102380918,0.05006655086733648,0.008493897989846223,9.8720649610158
2025-01-01 12:09:27+00:00,14.540551420570337,11.686044021854729,43.6532,-79.31186514823884,0.02986062522017125,0.00454129635181626,9.802205100711715
2025-01-01 12:09:28+00:00,14.524379569664495,11.614320277928968,43.6532,-79.31172094888291,-0.04076378305682293,-0.024069631202381665,9.77304153998046
2025-01-01 12:09:29+00:00,14.53074041805891,11.570151286196758,43.6532,-79.31157729791379,0.09006069954042675,0.06985326506568713,9.807063690331553
2025-01-01 12:09:30+00:00,14.525269294346204,11.58245441659407,43.6532,-79.31143349419328,0.010762023381980575,0.07488575136597818,9.762474102727774
2025-01-01 12:09:31+00:00,14.475592170077071,10.901932469130548,43.6532,-79.3112981395963,-0.05031827608392752,0.028263360126822554,9.786800178833458
2025-01-01 12:09:32+00:00,14.50892041493904,11.859267988329233,43.6532,-79.3111508990549,-0.009145249042847551,-0.08998855907333723,9.801137669190531
2025-01-01 12:09:33+00:00,14.519531670859163,11.401277708517155,43.6532,-79.3110093447613,0.04481242126780797,-0.055234507360280474,9.791022293967707
2025-01-01 12:09:34+00:00,14.51196454132287,12.369101662863477,43.6532,-79.31085577430254,0.00038087491590790536,0.02035651655416241,9.819969853640275
2025-01-01 12:09:35+00:00,14.488883090912438,11.41105107946305,43.6532,-79.3107140986662,0.04434323432913805,-0.03142787901222949,9.907288069565316
2025-01-01 12:09:36+00:00,14.47604105916474,11.649159131395688,43.6532,-79.31056946676318,0.055184697873107515,-0.024354571585591178,9.838547491992307
2025-01-01 12:09:37+00:00,14.465780673032766,11.550922611839468,43.6532,-79.3104260545306,0.02002653422993531,0.044948369729403,9.863615032364406
2025-01-01 12:09:38+00:00,14.481519153492044,11.102869332224524,43.6532,-79.31028820517149,-0.042885131152344706,0.025543741094620875,9.784814528131589
2025-01-01 12:09:39+00:00,14.502795153517738,11.898854904936519,43.6532,-79.3101404731327,0.006772733159499027,0.06570772169069744,9.780649185574743
2025-01-01 12:09:40+00:00,14.437090796100584,12.34157732647277,43.6532,-79.30998724440651,0.0022582927969415504,-0.021460464832323868,9.79109109765535
2025-01-01 12:09:41+00:00,14.4589223657393,11.367044902859512,43.6532,-79.30984611513553,0.09296731669258142,0.06876127102234486,9.852644454863444
2025-01-01 12:09:42+00:00,14.445317473429027,11.208720279909617,43.6532,-79.30970695156792,-0.0813160968913415,-0.027706562354224286,9.702594076088456
2025-01-01 12:09:43+00:00,14.479805995166046,11.165119323664618,43.6532,-79.3095683293346,-0.006741122554717704,0.07497457450693816,9.758341761235432
2025-01-01 12:09:44+00:00,14.449013974413482,10.379284852803082,43.6532,-79.3094394637484,-0.029204677339745966,0.0052917321808389345,9.815116792341712
2025-01-01 12:09:45+00:00,14.446680735985487,11.218560196883722,43.6532,-79.30930017801181,0.016755281009799946,-0.0430254873554804,9.798795381646855
2025-01-01 12:09:46+00:00,14.447747819953522,11.414146941413215,43.6532,-79.30915846393832,-0.12187821795996781,-0.08156097538267665,9.908386484107153
2025-01-01 12:09:47+00:00,14.456987998573823,11.796399906564256,43.6532,-79.30901200394511,0.055746227974514,-0.01507361574308466,9.832384160787134
2025-01-01 12:09:48+00:00,14.436225675796608,11.728622128191274,43.6532,-79.30886638545721,0.0006874243667766829,-0.012811634899771947,9.776890427823476
2025-01-01 12:09:49+00:00,14.379143916867275,11.019143089280895,43.6532,-79.30872957561398,-0.09223505818140232,0.042883095506122605,9.731119646573033
2025-01-01 12:09:50+00:00,14.446926337994695,11.067005862347106,43.6532,-79.30859217152323,-0.018055656736993306,-0.005529525140410364,9.792971998253108
2025-01-01 12:09:51+00:00,14.44083428152406,11.744638877848585,43.6532,-79.30844635417694,0.03044811708272621,-0.021621598928922237,9.744838995866079
2025-01-01 12:09:52+00:00,14.423655924007667,11.072481531574239,43.6532,-79.30830888210218,-0.07957239377290158,0.05385187364737683,9.833337532520922
2025-01-01 12:09:53+00:00,14.402359334364526,10.879999073784651,43.6532,-79.3081737998226,0.00016111082215778497,-0.011241328063507574,9.818055316112085
2025-01-01 12:09:54+00:00,14.427068991195263,11.806361714935852,43.6532,-79.30802721614705,-0.052873682390076504,-0.02881209081134516,9.826001596604637
2025-01-01 12:09:55+00:00,14.423611421856021,11.603287874113022,43.6532,-79.3078831537656,-0.027799251593948367,0.02873044586462864,9.913958833239752
2025-01-01 12:09:56+00:00,14.402619375734965,11.067603447955964,43.6532,-79.30774574225543,0.0013369191337318466,-0.024491410942363345,9.764626700928986
2025-01-01 12:09:57+00:00,14.403678726181143,10.734367784494491,43.6532,-79.30761246808322,0.009172512679078815,0.03294010708457565,9.800379789610204
2025-01-01 12:09:58+00:00,14.385403547745842,9.997718649718148,43.6532,-79.30748833989013,-0.023537124909136363,-0.029845855589159722,9.749374212775555
2025-01-01 12:09:59+00:00,14.396428218158254,11.270283563023037,43.6532,-79.30734841197423,0.013639819476513208,-0.011147959148518972,9.805970074192494
